candidate_index,predicted_class,predicted_probability,threshold
0,FALSE_POSITIVE,0.0208,0.61
1,FALSE_POSITIVE,0.4717,0.61
2,FALSE_POSITIVE,0.4242,0.61
3,FALSE_POSITIVE,0.1709,0.61
4,FALSE_POSITIVE,0.1694,0.61
5,FALSE_POSITIVE,0.1912,0.61
6,FALSE_POSITIVE,0.5799,0.61
7,FALSE_POSITIVE,0.001,0.61
8,FALSE_POSITIVE,0.0039,0.61
9,FALSE_POSITIVE,0.1377,0.61
10,FALSE_POSITIVE,0.0663,0.61
11,FALSE_POSITIVE,0.018,0.61
12,CONFIRMED,0.9844,0.61
13,FALSE_POSITIVE,0.0063,0.61
14,FALSE_POSITIVE,0.4246,0.61
15,CONFIRMED,0.8963,0.61
16,CONFIRMED,0.7677,0.61
17,CONFIRMED,0.7877,0.61
18,CONFIRMED,0.9068,0.61
19,CONFIRMED,0.907,0.61
20,CONFIRMED,0.9899,0.61
21,CONFIRMED,0.8694,0.61
22,CONFIRMED,0.6452,0.61
23,CONFIRMED,0.9096,0.61
24,FALSE_POSITIVE,0.0211,0.61
25,FALSE_POSITIVE,0.0029,0.61
26,CONFIRMED,0.8977,0.61
27,FALSE_POSITIVE,0.5927,0.61
28,CONFIRMED,0.9939,0.61
29,FALSE_POSITIVE,0.0609,0.61
30,CONFIRMED,0.7558,0.61
31,FALSE_POSITIVE,0.1324,0.61
32,CONFIRMED,0.8487,0.61
33,FALSE_POSITIVE,0.0044,0.61
34,FALSE_POSITIVE,0.0059,0.61
35,CONFIRMED,0.8846,0.61
36,CONFIRMED,0.8176,0.61
37,FALSE_POSITIVE,0.534,0.61
38,FALSE_POSITIVE,0.0108,0.61
39,CONFIRMED,0.9557,0.61
40,FALSE_POSITIVE,0.0408,0.61
41,CONFIRMED,0.6762,0.61
42,CONFIRMED,0.9956,0.61
43,FALSE_POSITIVE,0.0199,0.61
44,CONFIRMED,0.678,0.61
45,FALSE_POSITIVE,0.0632,0.61
46,CONFIRMED,0.945,0.61
47,FALSE_POSITIVE,0.242,0.61
48,FALSE_POSITIVE,0.0248,0.61
49,CONFIRMED,0.9719,0.61
50,CONFIRMED,0.7895,0.61
51,CONFIRMED,0.9427,0.61
52,FALSE_POSITIVE,0.321,0.61
53,FALSE_POSITIVE,0.4349,0.61
54,CONFIRMED,0.7129,0.61
55,FALSE_POSITIVE,0.0364,0.61
56,CONFIRMED,0.7166,0.61
57,CONFIRMED,0.9914,0.61
58,FALSE_POSITIVE,0.0421,0.61
59,FALSE_POSITIVE,0.5419,0.61
60,CONFIRMED,0.9317,0.61
61,CONFIRMED,0.991,0.61
62,FALSE_POSITIVE,0.0431,0.61
63,FALSE_POSITIVE,0.0115,0.61
64,CONFIRMED,0.9743,0.61
65,CONFIRMED,0.963,0.61
66,FALSE_POSITIVE,0.0114,0.61
67,CONFIRMED,0.9951,0.61
68,FALSE_POSITIVE,0.4951,0.61
69,CONFIRMED,0.675,0.61
70,CONFIRMED,0.8842,0.61
71,FALSE_POSITIVE,0.4581,0.61
72,CONFIRMED,0.9814,0.61
73,FALSE_POSITIVE,0.014,0.61
74,FALSE_POSITIVE,0.0045,0.61
75,CONFIRMED,0.9613,0.61
76,CONFIRMED,0.9884,0.61
77,FALSE_POSITIVE,0.1279,0.61
78,CONFIRMED,0.6675,0.61
79,CONFIRMED,0.8503,0.61
80,FALSE_POSITIVE,0.0556,0.61
81,FALSE_POSITIVE,0.1614,0.61
82,CONFIRMED,0.6888,0.61
83,CONFIRMED,0.8274,0.61
84,CONFIRMED,0.9725,0.61
85,CONFIRMED,0.9377,0.61
86,FALSE_POSITIVE,0.0064,0.61
87,CONFIRMED,0.9164,0.61
88,FALSE_POSITIVE,0.0186,0.61
89,FALSE_POSITIVE,0.4271,0.61
90,FALSE_POSITIVE,0.0091,0.61
91,FALSE_POSITIVE,0.4113,0.61
92,CONFIRMED,0.9398,0.61
93,CONFIRMED,0.8724,0.61
94,FALSE_POSITIVE,0.3667,0.61
95,CONFIRMED,0.8062,0.61
96,FALSE_POSITIVE,0.0395,0.61
97,CONFIRMED,0.9774,0.61
98,CONFIRMED,0.7721,0.61
99,CONFIRMED,0.9561,0.61
100,CONFIRMED,0.8333,0.61
101,CONFIRMED,0.9794,0.61
102,FALSE_POSITIVE,0.0302,0.61
103,FALSE_POSITIVE,0.0422,0.61
104,FALSE_POSITIVE,0.0468,0.61
105,FALSE_POSITIVE,0.1477,0.61
106,CONFIRMED,0.713,0.61
107,FALSE_POSITIVE,0.0554,0.61
108,CONFIRMED,0.8839,0.61
109,CONFIRMED,0.9066,0.61
110,CONFIRMED,0.9854,0.61
111,FALSE_POSITIVE,0.0081,0.61
112,CONFIRMED,0.9672,0.61
113,CONFIRMED,0.8141,0.61
114,CONFIRMED,0.9037,0.61
115,CONFIRMED,0.7788,0.61
116,FALSE_POSITIVE,0.074,0.61
117,CONFIRMED,0.9469,0.61
118,FALSE_POSITIVE,0.3436,0.61
119,FALSE_POSITIVE,0.3416,0.61
120,FALSE_POSITIVE,0.0424,0.61
121,CONFIRMED,0.6365,0.61
122,CONFIRMED,0.968,0.61
123,CONFIRMED,0.8852,0.61
124,CONFIRMED,0.6188,0.61
125,CONFIRMED,0.9521,0.61
126,CONFIRMED,0.9836,0.61
127,FALSE_POSITIVE,0.0815,0.61
128,CONFIRMED,0.9069,0.61
129,CONFIRMED,0.8405,0.61
130,FALSE_POSITIVE,0.0776,0.61
131,CONFIRMED,0.9927,0.61
132,FALSE_POSITIVE,0.0383,0.61
133,CONFIRMED,0.9752,0.61
134,FALSE_POSITIVE,0.0051,0.61
135,FALSE_POSITIVE,0.5994,0.61
136,CONFIRMED,0.9938,0.61
137,CONFIRMED,0.9942,0.61
138,FALSE_POSITIVE,0.2933,0.61
139,FALSE_POSITIVE,0.0139,0.61
140,FALSE_POSITIVE,0.1041,0.61
141,CONFIRMED,0.9848,0.61
142,CONFIRMED,0.9911,0.61
143,FALSE_POSITIVE,0.0787,0.61
144,CONFIRMED,0.9947,0.61
145,FALSE_POSITIVE,0.0797,0.61
146,CONFIRMED,0.8917,0.61
147,CONFIRMED,0.9408,0.61
148,CONFIRMED,0.9143,0.61
149,CONFIRMED,0.8046,0.61
150,CONFIRMED,0.9161,0.61
151,FALSE_POSITIVE,0.1898,0.61
152,FALSE_POSITIVE,0.0104,0.61
153,CONFIRMED,0.9785,0.61
154,CONFIRMED,0.9695,0.61
155,FALSE_POSITIVE,0.0872,0.61
156,FALSE_POSITIVE,0.005,0.61
157,CONFIRMED,0.9674,0.61
158,FALSE_POSITIVE,0.1184,0.61
159,CONFIRMED,0.85,0.61
160,FALSE_POSITIVE,0.1877,0.61
161,FALSE_POSITIVE,0.2011,0.61
162,CONFIRMED,0.9048,0.61
163,FALSE_POSITIVE,0.5686,0.61
164,FALSE_POSITIVE,0.0082,0.61
165,CONFIRMED,0.9683,0.61
166,FALSE_POSITIVE,0.466,0.61
167,CONFIRMED,0.7165,0.61
168,CONFIRMED,0.9516,0.61
169,CONFIRMED,0.9957,0.61
170,CONFIRMED,0.8716,0.61
171,CONFIRMED,0.931,0.61
172,CONFIRMED,0.8112,0.61
173,FALSE_POSITIVE,0.0577,0.61
174,FALSE_POSITIVE,0.0153,0.61
175,CONFIRMED,0.9765,0.61
176,FALSE_POSITIVE,0.0078,0.61
177,FALSE_POSITIVE,0.0126,0.61
178,FALSE_POSITIVE,0.0111,0.61
179,CONFIRMED,0.834,0.61
180,CONFIRMED,0.9781,0.61
181,CONFIRMED,0.9577,0.61
182,FALSE_POSITIVE,0.0358,0.61
183,FALSE_POSITIVE,0.0107,0.61
184,FALSE_POSITIVE,0.0334,0.61
185,FALSE_POSITIVE,0.0261,0.61
186,FALSE_POSITIVE,0.035,0.61
187,FALSE_POSITIVE,0.1054,0.61
188,CONFIRMED,0.6155,0.61
189,FALSE_POSITIVE,0.0614,0.61
190,FALSE_POSITIVE,0.093,0.61
191,CONFIRMED,0.7353,0.61
192,CONFIRMED,0.7045,0.61
193,CONFIRMED,0.9448,0.61
194,CONFIRMED,0.9481,0.61
195,CONFIRMED,0.9261,0.61
196,FALSE_POSITIVE,0.0218,0.61
197,FALSE_POSITIVE,0.0038,0.61
198,CONFIRMED,0.9674,0.61
199,CONFIRMED,0.9843,0.61
200,FALSE_POSITIVE,0.5553,0.61
201,CONFIRMED,0.9456,0.61
202,CONFIRMED,0.8656,0.61
203,FALSE_POSITIVE,0.4852,0.61
204,FALSE_POSITIVE,0.2318,0.61
205,FALSE_POSITIVE,0.0026,0.61
206,CONFIRMED,0.9216,0.61
207,CONFIRMED,0.8789,0.61
208,CONFIRMED,0.8061,0.61
209,CONFIRMED,0.8955,0.61
210,CONFIRMED,0.6617,0.61
211,CONFIRMED,0.7867,0.61
212,FALSE_POSITIVE,0.2943,0.61
213,CONFIRMED,0.9179,0.61
214,FALSE_POSITIVE,0.0949,0.61
215,CONFIRMED,0.9515,0.61
216,CONFIRMED,0.9502,0.61
217,CONFIRMED,0.9902,0.61
218,CONFIRMED,0.9898,0.61
219,FALSE_POSITIVE,0.0581,0.61
220,CONFIRMED,0.9241,0.61
221,CONFIRMED,0.9865,0.61
222,CONFIRMED,0.9722,0.61
223,FALSE_POSITIVE,0.2426,0.61
224,FALSE_POSITIVE,0.0048,0.61
225,FALSE_POSITIVE,0.1464,0.61
226,CONFIRMED,0.9193,0.61
227,CONFIRMED,0.7718,0.61
228,CONFIRMED,0.9365,0.61
229,FALSE_POSITIVE,0.004,0.61
230,CONFIRMED,0.9578,0.61
231,CONFIRMED,0.9751,0.61
232,FALSE_POSITIVE,0.0122,0.61
233,CONFIRMED,0.7797,0.61
234,CONFIRMED,0.7786,0.61
235,FALSE_POSITIVE,0.1779,0.61
236,CONFIRMED,0.6383,0.61
237,CONFIRMED,0.74,0.61
238,CONFIRMED,0.985,0.61
239,FALSE_POSITIVE,0.429,0.61
240,CONFIRMED,0.9151,0.61
241,FALSE_POSITIVE,0.4326,0.61
242,CONFIRMED,0.9341,0.61
243,FALSE_POSITIVE,0.3887,0.61
244,CONFIRMED,0.8179,0.61
245,CONFIRMED,0.9809,0.61
246,FALSE_POSITIVE,0.1791,0.61
247,CONFIRMED,0.6599,0.61
248,FALSE_POSITIVE,0.133,0.61
249,FALSE_POSITIVE,0.0823,0.61
250,CONFIRMED,0.954,0.61
251,CONFIRMED,0.7719,0.61
252,CONFIRMED,0.9957,0.61
253,FALSE_POSITIVE,0.3991,0.61
254,CONFIRMED,0.9174,0.61
255,CONFIRMED,0.9541,0.61
256,FALSE_POSITIVE,0.259,0.61
257,CONFIRMED,0.9372,0.61
258,CONFIRMED,0.962,0.61
259,FALSE_POSITIVE,0.5903,0.61
260,CONFIRMED,0.9637,0.61
261,CONFIRMED,0.9397,0.61
262,CONFIRMED,0.9485,0.61
263,CONFIRMED,0.6492,0.61
264,FALSE_POSITIVE,0.2185,0.61
265,CONFIRMED,0.9345,0.61
266,CONFIRMED,0.8945,0.61
267,CONFIRMED,0.62,0.61
268,FALSE_POSITIVE,0.0173,0.61
269,FALSE_POSITIVE,0.0189,0.61
270,FALSE_POSITIVE,0.0416,0.61
271,FALSE_POSITIVE,0.6061,0.61
272,CONFIRMED,0.9351,0.61
273,CONFIRMED,0.6401,0.61
274,CONFIRMED,0.879,0.61
275,CONFIRMED,0.9626,0.61
276,FALSE_POSITIVE,0.5188,0.61
277,CONFIRMED,0.9673,0.61
278,CONFIRMED,0.8378,0.61
279,FALSE_POSITIVE,0.025,0.61
280,FALSE_POSITIVE,0.191,0.61
281,FALSE_POSITIVE,0.068,0.61
282,CONFIRMED,0.612,0.61
283,CONFIRMED,0.7656,0.61
284,FALSE_POSITIVE,0.0414,0.61
285,CONFIRMED,0.8988,0.61
286,CONFIRMED,0.9659,0.61
287,CONFIRMED,0.9351,0.61
288,CONFIRMED,0.6122,0.61
289,CONFIRMED,0.9569,0.61
290,CONFIRMED,0.9838,0.61
291,FALSE_POSITIVE,0.5982,0.61
292,FALSE_POSITIVE,0.1272,0.61
293,FALSE_POSITIVE,0.1102,0.61
294,FALSE_POSITIVE,0.1332,0.61
295,FALSE_POSITIVE,0.5978,0.61
296,CONFIRMED,0.9453,0.61
297,FALSE_POSITIVE,0.021,0.61
298,FALSE_POSITIVE,0.3236,0.61
299,CONFIRMED,0.7456,0.61
300,CONFIRMED,0.6591,0.61
301,CONFIRMED,0.6361,0.61
302,CONFIRMED,0.9844,0.61
303,CONFIRMED,0.7535,0.61
304,CONFIRMED,0.6526,0.61
305,CONFIRMED,0.8534,0.61
306,CONFIRMED,0.9721,0.61
307,FALSE_POSITIVE,0.3753,0.61
308,CONFIRMED,0.8748,0.61
309,FALSE_POSITIVE,0.5849,0.61
310,CONFIRMED,0.9491,0.61
311,CONFIRMED,0.9705,0.61
312,CONFIRMED,0.9472,0.61
313,CONFIRMED,0.7644,0.61
314,FALSE_POSITIVE,0.6063,0.61
315,CONFIRMED,0.8242,0.61
316,FALSE_POSITIVE,0.5321,0.61
317,CONFIRMED,0.8923,0.61
318,FALSE_POSITIVE,0.0205,0.61
319,FALSE_POSITIVE,0.239,0.61
320,FALSE_POSITIVE,0.0075,0.61
321,CONFIRMED,0.8411,0.61
322,CONFIRMED,0.978,0.61
323,FALSE_POSITIVE,0.3337,0.61
324,CONFIRMED,0.8259,0.61
325,CONFIRMED,0.8958,0.61
326,CONFIRMED,0.9509,0.61
327,FALSE_POSITIVE,0.4523,0.61
328,FALSE_POSITIVE,0.0549,0.61
329,CONFIRMED,0.9914,0.61
330,FALSE_POSITIVE,0.119,0.61
331,CONFIRMED,0.8843,0.61
332,CONFIRMED,0.9881,0.61
333,FALSE_POSITIVE,0.3113,0.61
334,CONFIRMED,0.9543,0.61
335,CONFIRMED,0.9833,0.61
336,CONFIRMED,0.9474,0.61
337,CONFIRMED,0.9666,0.61
338,CONFIRMED,0.9299,0.61
339,CONFIRMED,0.6562,0.61
340,CONFIRMED,0.8529,0.61
341,CONFIRMED,0.7732,0.61
342,CONFIRMED,0.8755,0.61
343,CONFIRMED,0.9751,0.61
344,FALSE_POSITIVE,0.2312,0.61
345,CONFIRMED,0.6996,0.61
346,FALSE_POSITIVE,0.2759,0.61
347,FALSE_POSITIVE,0.4071,0.61
348,CONFIRMED,0.9836,0.61
349,FALSE_POSITIVE,0.0712,0.61
350,FALSE_POSITIVE,0.1976,0.61
351,CONFIRMED,0.9788,0.61
352,FALSE_POSITIVE,0.0784,0.61
353,CONFIRMED,0.782,0.61
354,CONFIRMED,0.9893,0.61
355,CONFIRMED,0.6535,0.61
356,FALSE_POSITIVE,0.3666,0.61
357,FALSE_POSITIVE,0.542,0.61
358,CONFIRMED,0.9672,0.61
359,FALSE_POSITIVE,0.2115,0.61
360,FALSE_POSITIVE,0.0221,0.61
361,FALSE_POSITIVE,0.0197,0.61
362,FALSE_POSITIVE,0.598,0.61
363,CONFIRMED,0.9661,0.61
364,CONFIRMED,0.864,0.61
365,FALSE_POSITIVE,0.0301,0.61
366,FALSE_POSITIVE,0.129,0.61
367,CONFIRMED,0.9937,0.61
368,FALSE_POSITIVE,0.4047,0.61
369,CONFIRMED,0.6353,0.61
370,FALSE_POSITIVE,0.0801,0.61
371,FALSE_POSITIVE,0.2184,0.61
372,FALSE_POSITIVE,0.6028,0.61
373,FALSE_POSITIVE,0.2175,0.61
374,FALSE_POSITIVE,0.0878,0.61
375,FALSE_POSITIVE,0.0159,0.61
376,CONFIRMED,0.8573,0.61
377,FALSE_POSITIVE,0.1286,0.61
378,FALSE_POSITIVE,0.4462,0.61
379,FALSE_POSITIVE,0.4085,0.61
380,FALSE_POSITIVE,0.0169,0.61
381,FALSE_POSITIVE,0.3366,0.61
382,CONFIRMED,0.7367,0.61
383,FALSE_POSITIVE,0.4685,0.61
384,FALSE_POSITIVE,0.4828,0.61
385,FALSE_POSITIVE,0.2592,0.61
386,CONFIRMED,0.9838,0.61
387,FALSE_POSITIVE,0.098,0.61
388,FALSE_POSITIVE,0.0985,0.61
389,FALSE_POSITIVE,0.0518,0.61
390,FALSE_POSITIVE,0.3107,0.61
391,FALSE_POSITIVE,0.0117,0.61
392,FALSE_POSITIVE,0.5734,0.61
393,FALSE_POSITIVE,0.0006,0.61
394,CONFIRMED,0.6536,0.61
395,FALSE_POSITIVE,0.6095,0.61
396,FALSE_POSITIVE,0.3793,0.61
397,CONFIRMED,0.9471,0.61
398,CONFIRMED,0.8185,0.61
399,FALSE_POSITIVE,0.4843,0.61
400,FALSE_POSITIVE,0.2603,0.61
401,CONFIRMED,0.6548,0.61
402,FALSE_POSITIVE,0.2803,0.61
403,CONFIRMED,0.9499,0.61
404,FALSE_POSITIVE,0.0333,0.61
405,CONFIRMED,0.9854,0.61
406,FALSE_POSITIVE,0.3549,0.61
407,FALSE_POSITIVE,0.0182,0.61
408,FALSE_POSITIVE,0.0185,0.61
409,FALSE_POSITIVE,0.0117,0.61
410,FALSE_POSITIVE,0.1445,0.61
411,FALSE_POSITIVE,0.0097,0.61
412,FALSE_POSITIVE,0.4752,0.61
413,CONFIRMED,0.7615,0.61
414,CONFIRMED,0.6647,0.61
415,FALSE_POSITIVE,0.3151,0.61
416,FALSE_POSITIVE,0.3062,0.61
417,FALSE_POSITIVE,0.1278,0.61
418,FALSE_POSITIVE,0.0249,0.61
419,FALSE_POSITIVE,0.1098,0.61
420,FALSE_POSITIVE,0.0678,0.61
421,FALSE_POSITIVE,0.065,0.61
422,CONFIRMED,0.8049,0.61
423,FALSE_POSITIVE,0.478,0.61
424,FALSE_POSITIVE,0.289,0.61
425,CONFIRMED,0.9496,0.61
426,CONFIRMED,0.8434,0.61
427,CONFIRMED,0.9549,0.61
428,CONFIRMED,0.9757,0.61
429,FALSE_POSITIVE,0.0271,0.61
430,FALSE_POSITIVE,0.5027,0.61
431,CONFIRMED,0.7621,0.61
432,CONFIRMED,0.9709,0.61
433,CONFIRMED,0.9342,0.61
434,FALSE_POSITIVE,0.5823,0.61
435,CONFIRMED,0.9068,0.61
436,FALSE_POSITIVE,0.2007,0.61
437,FALSE_POSITIVE,0.2007,0.61
438,CONFIRMED,0.8427,0.61
439,FALSE_POSITIVE,0.11,0.61
440,FALSE_POSITIVE,0.0452,0.61
441,CONFIRMED,0.939,0.61
442,CONFIRMED,0.937,0.61
443,FALSE_POSITIVE,0.5996,0.61
444,FALSE_POSITIVE,0.0337,0.61
445,FALSE_POSITIVE,0.1306,0.61
446,FALSE_POSITIVE,0.0252,0.61
447,CONFIRMED,0.973,0.61
448,FALSE_POSITIVE,0.0057,0.61
449,FALSE_POSITIVE,0.0995,0.61
450,CONFIRMED,0.6195,0.61
451,CONFIRMED,0.9076,0.61
452,FALSE_POSITIVE,0.0227,0.61
453,CONFIRMED,0.9286,0.61
454,CONFIRMED,0.8463,0.61
455,FALSE_POSITIVE,0.5634,0.61
456,FALSE_POSITIVE,0.0354,0.61
457,FALSE_POSITIVE,0.4666,0.61
458,CONFIRMED,0.8252,0.61
459,CONFIRMED,0.7277,0.61
460,FALSE_POSITIVE,0.5833,0.61
461,CONFIRMED,0.8455,0.61
462,FALSE_POSITIVE,0.4722,0.61
463,CONFIRMED,0.8546,0.61
464,CONFIRMED,0.6739,0.61
465,CONFIRMED,0.8911,0.61
466,FALSE_POSITIVE,0.0241,0.61
467,FALSE_POSITIVE,0.2838,0.61
468,FALSE_POSITIVE,0.0095,0.61
469,FALSE_POSITIVE,0.2772,0.61
470,FALSE_POSITIVE,0.5042,0.61
471,CONFIRMED,0.9208,0.61
472,FALSE_POSITIVE,0.4993,0.61
473,CONFIRMED,0.8374,0.61
474,CONFIRMED,0.9454,0.61
475,FALSE_POSITIVE,0.0232,0.61
476,FALSE_POSITIVE,0.0298,0.61
477,CONFIRMED,0.9371,0.61
478,CONFIRMED,0.7859,0.61
479,CONFIRMED,0.9547,0.61
480,CONFIRMED,0.9378,0.61
481,CONFIRMED,0.7871,0.61
482,CONFIRMED,0.9898,0.61
483,FALSE_POSITIVE,0.505,0.61
484,CONFIRMED,0.7067,0.61
485,CONFIRMED,0.7006,0.61
486,FALSE_POSITIVE,0.3801,0.61
487,CONFIRMED,0.9036,0.61
488,CONFIRMED,0.6753,0.61
489,CONFIRMED,0.9591,0.61
490,FALSE_POSITIVE,0.6066,0.61
491,FALSE_POSITIVE,0.2927,0.61
492,CONFIRMED,0.7969,0.61
493,CONFIRMED,0.9798,0.61
494,CONFIRMED,0.9238,0.61
495,CONFIRMED,0.9439,0.61
496,CONFIRMED,0.7917,0.61
497,FALSE_POSITIVE,0.5902,0.61
498,FALSE_POSITIVE,0.0131,0.61
499,CONFIRMED,0.785,0.61
500,CONFIRMED,0.9714,0.61
501,FALSE_POSITIVE,0.4908,0.61
502,CONFIRMED,0.8125,0.61
503,CONFIRMED,0.8141,0.61
504,FALSE_POSITIVE,0.2451,0.61
505,CONFIRMED,0.9101,0.61
506,FALSE_POSITIVE,0.0913,0.61
507,CONFIRMED,0.955,0.61
508,CONFIRMED,0.9263,0.61
509,FALSE_POSITIVE,0.0072,0.61
510,CONFIRMED,0.8848,0.61
511,FALSE_POSITIVE,0.2242,0.61
512,FALSE_POSITIVE,0.0435,0.61
513,FALSE_POSITIVE,0.2672,0.61
514,FALSE_POSITIVE,0.3263,0.61
515,CONFIRMED,0.892,0.61
516,FALSE_POSITIVE,0.0044,0.61
517,CONFIRMED,0.8749,0.61
518,FALSE_POSITIVE,0.0398,0.61
519,CONFIRMED,0.9872,0.61
520,CONFIRMED,0.7312,0.61
521,FALSE_POSITIVE,0.0615,0.61
522,FALSE_POSITIVE,0.0841,0.61
523,CONFIRMED,0.7293,0.61
524,FALSE_POSITIVE,0.3308,0.61
525,FALSE_POSITIVE,0.3395,0.61
526,CONFIRMED,0.7361,0.61
527,CONFIRMED,0.9549,0.61
528,CONFIRMED,0.9781,0.61
529,FALSE_POSITIVE,0.0061,0.61
530,CONFIRMED,0.8674,0.61
531,CONFIRMED,0.7296,0.61
532,FALSE_POSITIVE,0.4898,0.61
533,FALSE_POSITIVE,0.2167,0.61
534,FALSE_POSITIVE,0.0106,0.61
535,CONFIRMED,0.8152,0.61
536,CONFIRMED,0.8711,0.61
537,FALSE_POSITIVE,0.0271,0.61
538,FALSE_POSITIVE,0.1092,0.61
539,FALSE_POSITIVE,0.0418,0.61
540,FALSE_POSITIVE,0.1794,0.61
541,FALSE_POSITIVE,0.0214,0.61
542,CONFIRMED,0.9472,0.61
543,FALSE_POSITIVE,0.1869,0.61
544,FALSE_POSITIVE,0.3108,0.61
545,CONFIRMED,0.8615,0.61
546,FALSE_POSITIVE,0.4407,0.61
547,CONFIRMED,0.6359,0.61
548,FALSE_POSITIVE,0.3622,0.61
549,CONFIRMED,0.7574,0.61
550,FALSE_POSITIVE,0.2876,0.61
551,FALSE_POSITIVE,0.1333,0.61
552,FALSE_POSITIVE,0.2381,0.61
553,FALSE_POSITIVE,0.4195,0.61
554,FALSE_POSITIVE,0.0022,0.61
555,FALSE_POSITIVE,0.3484,0.61
556,CONFIRMED,0.9586,0.61
557,FALSE_POSITIVE,0.5648,0.61
558,CONFIRMED,0.9732,0.61
559,FALSE_POSITIVE,0.1393,0.61
560,FALSE_POSITIVE,0.262,0.61
561,FALSE_POSITIVE,0.4762,0.61
562,CONFIRMED,0.922,0.61
563,FALSE_POSITIVE,0.0599,0.61
564,CONFIRMED,0.9701,0.61
565,FALSE_POSITIVE,0.1363,0.61
566,CONFIRMED,0.9505,0.61
567,FALSE_POSITIVE,0.3419,0.61
568,CONFIRMED,0.8839,0.61
569,FALSE_POSITIVE,0.5413,0.61
570,FALSE_POSITIVE,0.2017,0.61
571,FALSE_POSITIVE,0.2616,0.61
572,CONFIRMED,0.9048,0.61
573,FALSE_POSITIVE,0.2511,0.61
574,FALSE_POSITIVE,0.2701,0.61
575,FALSE_POSITIVE,0.5514,0.61
576,FALSE_POSITIVE,0.4146,0.61
577,FALSE_POSITIVE,0.5156,0.61
578,CONFIRMED,0.8028,0.61
579,FALSE_POSITIVE,0.0874,0.61
580,FALSE_POSITIVE,0.4861,0.61
581,FALSE_POSITIVE,0.0722,0.61
582,CONFIRMED,0.8506,0.61
583,FALSE_POSITIVE,0.0547,0.61
584,CONFIRMED,0.7316,0.61
585,FALSE_POSITIVE,0.5031,0.61
586,FALSE_POSITIVE,0.271,0.61
587,FALSE_POSITIVE,0.4998,0.61
588,CONFIRMED,0.6127,0.61
589,CONFIRMED,0.6358,0.61
590,CONFIRMED,0.9007,0.61
591,CONFIRMED,0.7304,0.61
592,FALSE_POSITIVE,0.2592,0.61
593,FALSE_POSITIVE,0.4409,0.61
594,CONFIRMED,0.6654,0.61
595,FALSE_POSITIVE,0.2664,0.61
596,CONFIRMED,0.9678,0.61
597,CONFIRMED,0.8857,0.61
598,FALSE_POSITIVE,0.1846,0.61
599,FALSE_POSITIVE,0.0361,0.61
600,CONFIRMED,0.7701,0.61
601,FALSE_POSITIVE,0.603,0.61
602,CONFIRMED,0.9085,0.61
603,CONFIRMED,0.7737,0.61
604,FALSE_POSITIVE,0.2247,0.61
605,FALSE_POSITIVE,0.3269,0.61
606,FALSE_POSITIVE,0.0152,0.61
607,CONFIRMED,0.9483,0.61
608,CONFIRMED,0.8302,0.61
609,FALSE_POSITIVE,0.3264,0.61
610,FALSE_POSITIVE,0.1764,0.61
611,FALSE_POSITIVE,0.4775,0.61
612,CONFIRMED,0.6756,0.61
613,CONFIRMED,0.9628,0.61
614,FALSE_POSITIVE,0.1347,0.61
615,CONFIRMED,0.6286,0.61
616,CONFIRMED,0.7178,0.61
617,FALSE_POSITIVE,0.1535,0.61
618,CONFIRMED,0.9723,0.61
619,FALSE_POSITIVE,0.4573,0.61
620,FALSE_POSITIVE,0.4966,0.61
621,CONFIRMED,0.7193,0.61
622,CONFIRMED,0.6927,0.61
623,FALSE_POSITIVE,0.0113,0.61
624,CONFIRMED,0.9142,0.61
625,FALSE_POSITIVE,0.1904,0.61
626,FALSE_POSITIVE,0.5131,0.61
627,CONFIRMED,0.7739,0.61
628,CONFIRMED,0.7624,0.61
629,FALSE_POSITIVE,0.3777,0.61
630,CONFIRMED,0.6488,0.61
631,FALSE_POSITIVE,0.2369,0.61
632,FALSE_POSITIVE,0.419,0.61
633,FALSE_POSITIVE,0.463,0.61
634,FALSE_POSITIVE,0.1134,0.61
635,FALSE_POSITIVE,0.0761,0.61
636,FALSE_POSITIVE,0.0957,0.61
637,FALSE_POSITIVE,0.2221,0.61
638,CONFIRMED,0.9951,0.61
639,FALSE_POSITIVE,0.5164,0.61
640,CONFIRMED,0.7631,0.61
641,FALSE_POSITIVE,0.3026,0.61
642,FALSE_POSITIVE,0.4195,0.61
643,CONFIRMED,0.7901,0.61
644,CONFIRMED,0.9045,0.61
645,CONFIRMED,0.7966,0.61
646,FALSE_POSITIVE,0.0405,0.61
647,FALSE_POSITIVE,0.0234,0.61
648,CONFIRMED,0.9092,0.61
649,CONFIRMED,0.7401,0.61
650,FALSE_POSITIVE,0.0323,0.61
651,FALSE_POSITIVE,0.0635,0.61
652,FALSE_POSITIVE,0.1416,0.61
653,CONFIRMED,0.7921,0.61
654,FALSE_POSITIVE,0.2966,0.61
655,CONFIRMED,0.7899,0.61
656,CONFIRMED,0.9674,0.61
657,CONFIRMED,0.7391,0.61
658,FALSE_POSITIVE,0.024,0.61
659,CONFIRMED,0.8086,0.61
660,CONFIRMED,0.8165,0.61
661,FALSE_POSITIVE,0.5072,0.61
662,FALSE_POSITIVE,0.0138,0.61
663,FALSE_POSITIVE,0.458,0.61
664,FALSE_POSITIVE,0.2208,0.61
665,FALSE_POSITIVE,0.5256,0.61
666,FALSE_POSITIVE,0.0513,0.61
667,FALSE_POSITIVE,0.1862,0.61
668,CONFIRMED,0.9147,0.61
669,FALSE_POSITIVE,0.3079,0.61
670,CONFIRMED,0.9705,0.61
671,FALSE_POSITIVE,0.2484,0.61
672,FALSE_POSITIVE,0.2664,0.61
673,FALSE_POSITIVE,0.0665,0.61
674,FALSE_POSITIVE,0.0158,0.61
675,FALSE_POSITIVE,0.0033,0.61
676,FALSE_POSITIVE,0.4749,0.61
677,CONFIRMED,0.7741,0.61
678,FALSE_POSITIVE,0.3283,0.61
679,CONFIRMED,0.9282,0.61
680,CONFIRMED,0.9703,0.61
681,FALSE_POSITIVE,0.0188,0.61
682,CONFIRMED,0.9139,0.61
683,FALSE_POSITIVE,0.1268,0.61
684,FALSE_POSITIVE,0.3643,0.61
685,FALSE_POSITIVE,0.3742,0.61
686,FALSE_POSITIVE,0.1755,0.61
687,CONFIRMED,0.6814,0.61
688,CONFIRMED,0.9477,0.61
689,FALSE_POSITIVE,0.5109,0.61
690,FALSE_POSITIVE,0.0655,0.61
691,FALSE_POSITIVE,0.4021,0.61
692,FALSE_POSITIVE,0.015,0.61
693,CONFIRMED,0.9843,0.61
694,CONFIRMED,0.9598,0.61
695,FALSE_POSITIVE,0.3935,0.61
696,FALSE_POSITIVE,0.0379,0.61
697,FALSE_POSITIVE,0.3039,0.61
698,FALSE_POSITIVE,0.1106,0.61
699,FALSE_POSITIVE,0.1437,0.61
700,FALSE_POSITIVE,0.0612,0.61
701,CONFIRMED,0.9239,0.61
702,FALSE_POSITIVE,0.0892,0.61
703,FALSE_POSITIVE,0.519,0.61
704,FALSE_POSITIVE,0.4333,0.61
705,FALSE_POSITIVE,0.2981,0.61
706,FALSE_POSITIVE,0.2789,0.61
707,FALSE_POSITIVE,0.2062,0.61
708,FALSE_POSITIVE,0.4537,0.61
709,CONFIRMED,0.9833,0.61
710,FALSE_POSITIVE,0.1102,0.61
711,CONFIRMED,0.7361,0.61
712,FALSE_POSITIVE,0.2164,0.61
713,CONFIRMED,0.8411,0.61
714,FALSE_POSITIVE,0.0885,0.61
715,CONFIRMED,0.7853,0.61
716,FALSE_POSITIVE,0.1178,0.61
717,FALSE_POSITIVE,0.4534,0.61
718,CONFIRMED,0.808,0.61
719,FALSE_POSITIVE,0.2223,0.61
720,FALSE_POSITIVE,0.3565,0.61
721,CONFIRMED,0.7937,0.61
722,FALSE_POSITIVE,0.0314,0.61
723,CONFIRMED,0.9638,0.61
724,FALSE_POSITIVE,0.1799,0.61
725,FALSE_POSITIVE,0.3655,0.61
726,CONFIRMED,0.6647,0.61
727,FALSE_POSITIVE,0.3151,0.61
728,FALSE_POSITIVE,0.408,0.61
729,CONFIRMED,0.9162,0.61
730,FALSE_POSITIVE,0.0037,0.61
731,CONFIRMED,0.6444,0.61
732,FALSE_POSITIVE,0.1688,0.61
733,CONFIRMED,0.9557,0.61
734,FALSE_POSITIVE,0.0861,0.61
735,FALSE_POSITIVE,0.0973,0.61
736,FALSE_POSITIVE,0.4376,0.61
737,CONFIRMED,0.7707,0.61
738,FALSE_POSITIVE,0.1606,0.61
739,FALSE_POSITIVE,0.1284,0.61
740,CONFIRMED,0.6306,0.61
741,FALSE_POSITIVE,0.0026,0.61
742,CONFIRMED,0.9368,0.61
743,FALSE_POSITIVE,0.1927,0.61
744,FALSE_POSITIVE,0.1443,0.61
745,CONFIRMED,0.8973,0.61
746,FALSE_POSITIVE,0.326,0.61
747,CONFIRMED,0.9742,0.61
748,CONFIRMED,0.722,0.61
749,CONFIRMED,0.9076,0.61
750,FALSE_POSITIVE,0.3156,0.61
751,CONFIRMED,0.6811,0.61
752,FALSE_POSITIVE,0.333,0.61
753,FALSE_POSITIVE,0.2929,0.61
754,FALSE_POSITIVE,0.1457,0.61
755,FALSE_POSITIVE,0.0489,0.61
756,CONFIRMED,0.86,0.61
757,FALSE_POSITIVE,0.2091,0.61
758,FALSE_POSITIVE,0.0455,0.61
759,FALSE_POSITIVE,0.3209,0.61
760,CONFIRMED,0.6167,0.61
761,CONFIRMED,0.8067,0.61
762,FALSE_POSITIVE,0.3048,0.61
763,FALSE_POSITIVE,0.1577,0.61
764,CONFIRMED,0.9858,0.61
765,FALSE_POSITIVE,0.1571,0.61
766,FALSE_POSITIVE,0.1509,0.61
767,FALSE_POSITIVE,0.1678,0.61
768,FALSE_POSITIVE,0.2495,0.61
769,FALSE_POSITIVE,0.1212,0.61
770,FALSE_POSITIVE,0.0048,0.61
771,FALSE_POSITIVE,0.348,0.61
772,CONFIRMED,0.7776,0.61
773,FALSE_POSITIVE,0.0464,0.61
774,CONFIRMED,0.7804,0.61
775,CONFIRMED,0.7407,0.61
776,FALSE_POSITIVE,0.2232,0.61
777,FALSE_POSITIVE,0.0084,0.61
778,FALSE_POSITIVE,0.403,0.61
779,CONFIRMED,0.7795,0.61
780,FALSE_POSITIVE,0.101,0.61
781,CONFIRMED,0.7922,0.61
782,FALSE_POSITIVE,0.1972,0.61
783,FALSE_POSITIVE,0.0205,0.61
784,FALSE_POSITIVE,0.1842,0.61
785,FALSE_POSITIVE,0.061,0.61
786,FALSE_POSITIVE,0.3328,0.61
787,FALSE_POSITIVE,0.5609,0.61
788,FALSE_POSITIVE,0.0033,0.61
789,CONFIRMED,0.6209,0.61
790,FALSE_POSITIVE,0.0316,0.61
791,FALSE_POSITIVE,0.1052,0.61
792,FALSE_POSITIVE,0.0049,0.61
793,CONFIRMED,0.935,0.61
794,FALSE_POSITIVE,0.1634,0.61
795,CONFIRMED,0.9085,0.61
796,CONFIRMED,0.9388,0.61
797,CONFIRMED,0.8845,0.61
798,FALSE_POSITIVE,0.2555,0.61
799,FALSE_POSITIVE,0.2155,0.61
800,FALSE_POSITIVE,0.0375,0.61
801,FALSE_POSITIVE,0.4978,0.61
802,FALSE_POSITIVE,0.2271,0.61
803,CONFIRMED,0.9038,0.61
804,CONFIRMED,0.7949,0.61
805,FALSE_POSITIVE,0.4489,0.61
806,FALSE_POSITIVE,0.0303,0.61
807,CONFIRMED,0.7759,0.61
808,CONFIRMED,0.8501,0.61
809,CONFIRMED,0.6298,0.61
810,CONFIRMED,0.8727,0.61
811,CONFIRMED,0.9261,0.61
812,CONFIRMED,0.9659,0.61
813,CONFIRMED,0.9064,0.61
814,FALSE_POSITIVE,0.3519,0.61
815,CONFIRMED,0.8853,0.61
816,CONFIRMED,0.9434,0.61
817,FALSE_POSITIVE,0.5335,0.61
818,CONFIRMED,0.808,0.61
819,FALSE_POSITIVE,0.0397,0.61
820,CONFIRMED,0.9728,0.61
821,CONFIRMED,0.97,0.61
822,CONFIRMED,0.9012,0.61
823,FALSE_POSITIVE,0.1044,0.61
824,FALSE_POSITIVE,0.1007,0.61
825,CONFIRMED,0.9044,0.61
826,FALSE_POSITIVE,0.0203,0.61
827,CONFIRMED,0.9072,0.61
828,FALSE_POSITIVE,0.5269,0.61
829,CONFIRMED,0.7636,0.61
830,CONFIRMED,0.8616,0.61
831,FALSE_POSITIVE,0.5251,0.61
832,CONFIRMED,0.83,0.61
833,FALSE_POSITIVE,0.13,0.61
834,CONFIRMED,0.7379,0.61
835,FALSE_POSITIVE,0.3562,0.61
836,FALSE_POSITIVE,0.0633,0.61
837,CONFIRMED,0.656,0.61
838,CONFIRMED,0.9741,0.61
839,CONFIRMED,0.9561,0.61
840,CONFIRMED,0.9638,0.61
841,CONFIRMED,0.6907,0.61
842,FALSE_POSITIVE,0.4818,0.61
843,FALSE_POSITIVE,0.1471,0.61
844,FALSE_POSITIVE,0.5895,0.61
845,CONFIRMED,0.8405,0.61
846,CONFIRMED,0.8832,0.61
847,FALSE_POSITIVE,0.0043,0.61
848,FALSE_POSITIVE,0.0099,0.61
849,FALSE_POSITIVE,0.0088,0.61
850,CONFIRMED,0.7025,0.61
851,CONFIRMED,0.8494,0.61
852,FALSE_POSITIVE,0.0479,0.61
853,CONFIRMED,0.7429,0.61
854,CONFIRMED,0.6782,0.61
855,FALSE_POSITIVE,0.1559,0.61
856,FALSE_POSITIVE,0.0728,0.61
857,FALSE_POSITIVE,0.5384,0.61
858,CONFIRMED,0.7785,0.61
859,FALSE_POSITIVE,0.3764,0.61
860,FALSE_POSITIVE,0.5137,0.61
861,FALSE_POSITIVE,0.1881,0.61
862,CONFIRMED,0.7681,0.61
863,FALSE_POSITIVE,0.1073,0.61
864,FALSE_POSITIVE,0.5715,0.61
865,FALSE_POSITIVE,0.0416,0.61
866,CONFIRMED,0.7621,0.61
867,FALSE_POSITIVE,0.0247,0.61
868,FALSE_POSITIVE,0.0189,0.61
869,FALSE_POSITIVE,0.3194,0.61
870,CONFIRMED,0.726,0.61
871,FALSE_POSITIVE,0.0052,0.61
872,FALSE_POSITIVE,0.0116,0.61
873,FALSE_POSITIVE,0.0045,0.61
874,FALSE_POSITIVE,0.0085,0.61
875,CONFIRMED,0.8104,0.61
876,FALSE_POSITIVE,0.4592,0.61
877,FALSE_POSITIVE,0.5493,0.61
878,FALSE_POSITIVE,0.029,0.61
879,FALSE_POSITIVE,0.3408,0.61
880,FALSE_POSITIVE,0.0161,0.61
881,FALSE_POSITIVE,0.0865,0.61
882,FALSE_POSITIVE,0.1916,0.61
883,FALSE_POSITIVE,0.5878,0.61
884,CONFIRMED,0.671,0.61
885,FALSE_POSITIVE,0.0056,0.61
886,CONFIRMED,0.9149,0.61
887,FALSE_POSITIVE,0.0119,0.61
888,CONFIRMED,0.8559,0.61
889,FALSE_POSITIVE,0.0043,0.61
890,CONFIRMED,0.6633,0.61
891,FALSE_POSITIVE,0.0093,0.61
892,FALSE_POSITIVE,0.1786,0.61
893,FALSE_POSITIVE,0.0099,0.61
894,CONFIRMED,0.6584,0.61
895,FALSE_POSITIVE,0.0405,0.61
896,FALSE_POSITIVE,0.192,0.61
897,FALSE_POSITIVE,0.0096,0.61
898,FALSE_POSITIVE,0.0053,0.61
899,FALSE_POSITIVE,0.1252,0.61
900,FALSE_POSITIVE,0.1477,0.61
901,FALSE_POSITIVE,0.1479,0.61
902,CONFIRMED,0.672,0.61
903,FALSE_POSITIVE,0.1358,0.61
904,FALSE_POSITIVE,0.0187,0.61
905,CONFIRMED,0.9487,0.61
906,FALSE_POSITIVE,0.0032,0.61
907,CONFIRMED,0.7748,0.61
908,FALSE_POSITIVE,0.0121,0.61
909,FALSE_POSITIVE,0.0482,0.61
910,CONFIRMED,0.8322,0.61
911,CONFIRMED,0.89,0.61
912,FALSE_POSITIVE,0.0107,0.61
913,FALSE_POSITIVE,0.0309,0.61
914,FALSE_POSITIVE,0.0524,0.61
915,FALSE_POSITIVE,0.0347,0.61
916,FALSE_POSITIVE,0.0447,0.61
917,FALSE_POSITIVE,0.0262,0.61
918,CONFIRMED,0.9948,0.61
919,FALSE_POSITIVE,0.0427,0.61
920,FALSE_POSITIVE,0.0341,0.61
921,FALSE_POSITIVE,0.095,0.61
922,CONFIRMED,0.9621,0.61
923,FALSE_POSITIVE,0.1774,0.61
924,FALSE_POSITIVE,0.0058,0.61
925,CONFIRMED,0.9202,0.61
926,FALSE_POSITIVE,0.0862,0.61
927,FALSE_POSITIVE,0.0789,0.61
928,FALSE_POSITIVE,0.1488,0.61
929,FALSE_POSITIVE,0.0156,0.61
930,FALSE_POSITIVE,0.045,0.61
931,FALSE_POSITIVE,0.3954,0.61
932,FALSE_POSITIVE,0.1448,0.61
933,FALSE_POSITIVE,0.3713,0.61
934,CONFIRMED,0.9652,0.61
935,FALSE_POSITIVE,0.6041,0.61
936,CONFIRMED,0.8986,0.61
937,FALSE_POSITIVE,0.2689,0.61
938,FALSE_POSITIVE,0.366,0.61
939,FALSE_POSITIVE,0.0304,0.61
940,CONFIRMED,0.9468,0.61
941,FALSE_POSITIVE,0.0447,0.61
942,FALSE_POSITIVE,0.0399,0.61
943,FALSE_POSITIVE,0.4391,0.61
944,CONFIRMED,0.7186,0.61
945,FALSE_POSITIVE,0.1977,0.61
946,FALSE_POSITIVE,0.237,0.61
947,FALSE_POSITIVE,0.0056,0.61
948,FALSE_POSITIVE,0.006,0.61
949,FALSE_POSITIVE,0.006,0.61
950,FALSE_POSITIVE,0.0063,0.61
951,FALSE_POSITIVE,0.0027,0.61
952,FALSE_POSITIVE,0.0048,0.61
953,FALSE_POSITIVE,0.0056,0.61
954,FALSE_POSITIVE,0.0244,0.61
955,FALSE_POSITIVE,0.0139,0.61
956,FALSE_POSITIVE,0.1953,0.61
957,FALSE_POSITIVE,0.027,0.61
958,FALSE_POSITIVE,0.0074,0.61
959,CONFIRMED,0.7364,0.61
960,FALSE_POSITIVE,0.2021,0.61
961,FALSE_POSITIVE,0.0089,0.61
962,FALSE_POSITIVE,0.004,0.61
963,FALSE_POSITIVE,0.0019,0.61
964,FALSE_POSITIVE,0.2401,0.61
965,FALSE_POSITIVE,0.3606,0.61
966,FALSE_POSITIVE,0.1669,0.61
967,FALSE_POSITIVE,0.0016,0.61
968,FALSE_POSITIVE,0.0075,0.61
969,FALSE_POSITIVE,0.0238,0.61
970,FALSE_POSITIVE,0.0718,0.61
971,FALSE_POSITIVE,0.0424,0.61
972,FALSE_POSITIVE,0.1472,0.61
973,FALSE_POSITIVE,0.0084,0.61
974,FALSE_POSITIVE,0.0137,0.61
975,FALSE_POSITIVE,0.0059,0.61
976,FALSE_POSITIVE,0.292,0.61
977,FALSE_POSITIVE,0.0358,0.61
978,FALSE_POSITIVE,0.0242,0.61
979,FALSE_POSITIVE,0.0253,0.61
980,FALSE_POSITIVE,0.0154,0.61
981,FALSE_POSITIVE,0.012,0.61
982,FALSE_POSITIVE,0.0789,0.61
983,CONFIRMED,0.7816,0.61
984,FALSE_POSITIVE,0.0363,0.61
985,FALSE_POSITIVE,0.0083,0.61
986,FALSE_POSITIVE,0.0203,0.61
987,FALSE_POSITIVE,0.0306,0.61
988,FALSE_POSITIVE,0.0073,0.61
989,FALSE_POSITIVE,0.0035,0.61
990,FALSE_POSITIVE,0.0191,0.61
991,FALSE_POSITIVE,0.0775,0.61
992,FALSE_POSITIVE,0.1305,0.61
993,FALSE_POSITIVE,0.0146,0.61
994,CONFIRMED,0.9238,0.61
995,FALSE_POSITIVE,0.2219,0.61
996,FALSE_POSITIVE,0.0055,0.61
997,FALSE_POSITIVE,0.0057,0.61
998,FALSE_POSITIVE,0.0103,0.61
999,FALSE_POSITIVE,0.005,0.61
1000,FALSE_POSITIVE,0.0022,0.61
1001,CONFIRMED,0.8847,0.61
1002,FALSE_POSITIVE,0.2119,0.61
1003,FALSE_POSITIVE,0.012,0.61
1004,FALSE_POSITIVE,0.1031,0.61
1005,FALSE_POSITIVE,0.0321,0.61
1006,FALSE_POSITIVE,0.0025,0.61
1007,CONFIRMED,0.9686,0.61
1008,FALSE_POSITIVE,0.0045,0.61
1009,FALSE_POSITIVE,0.0822,0.61
1010,CONFIRMED,0.9267,0.61
1011,FALSE_POSITIVE,0.0461,0.61
1012,FALSE_POSITIVE,0.0204,0.61
1013,FALSE_POSITIVE,0.0091,0.61
1014,FALSE_POSITIVE,0.0837,0.61
1015,FALSE_POSITIVE,0.006,0.61
1016,FALSE_POSITIVE,0.0959,0.61
1017,FALSE_POSITIVE,0.0228,0.61
1018,FALSE_POSITIVE,0.005,0.61
1019,FALSE_POSITIVE,0.1247,0.61
1020,FALSE_POSITIVE,0.0036,0.61
1021,FALSE_POSITIVE,0.201,0.61
1022,FALSE_POSITIVE,0.0061,0.61
1023,CONFIRMED,0.9166,0.61
1024,CONFIRMED,0.7576,0.61
1025,CONFIRMED,0.8891,0.61
1026,FALSE_POSITIVE,0.0264,0.61
1027,FALSE_POSITIVE,0.025,0.61
1028,FALSE_POSITIVE,0.0144,0.61
1029,FALSE_POSITIVE,0.1741,0.61
1030,CONFIRMED,0.8773,0.61
1031,FALSE_POSITIVE,0.0059,0.61
1032,FALSE_POSITIVE,0.0764,0.61
1033,FALSE_POSITIVE,0.0084,0.61
1034,FALSE_POSITIVE,0.0074,0.61
1035,FALSE_POSITIVE,0.0021,0.61
1036,FALSE_POSITIVE,0.1895,0.61
1037,FALSE_POSITIVE,0.0064,0.61
1038,FALSE_POSITIVE,0.0088,0.61
1039,FALSE_POSITIVE,0.0129,0.61
1040,FALSE_POSITIVE,0.0282,0.61
1041,FALSE_POSITIVE,0.0045,0.61
1042,FALSE_POSITIVE,0.0031,0.61
1043,FALSE_POSITIVE,0.0475,0.61
1044,FALSE_POSITIVE,0.0061,0.61
1045,FALSE_POSITIVE,0.03,0.61
1046,FALSE_POSITIVE,0.0279,0.61
1047,FALSE_POSITIVE,0.1346,0.61
1048,FALSE_POSITIVE,0.0051,0.61
1049,FALSE_POSITIVE,0.4488,0.61
1050,FALSE_POSITIVE,0.3466,0.61
1051,FALSE_POSITIVE,0.0209,0.61
1052,FALSE_POSITIVE,0.0496,0.61
1053,FALSE_POSITIVE,0.0065,0.61
1054,FALSE_POSITIVE,0.199,0.61
1055,FALSE_POSITIVE,0.018,0.61
1056,FALSE_POSITIVE,0.006,0.61
1057,FALSE_POSITIVE,0.1116,0.61
1058,FALSE_POSITIVE,0.0536,0.61
1059,FALSE_POSITIVE,0.0072,0.61
1060,FALSE_POSITIVE,0.0062,0.61
1061,FALSE_POSITIVE,0.216,0.61
1062,FALSE_POSITIVE,0.0233,0.61
1063,FALSE_POSITIVE,0.0274,0.61
1064,CONFIRMED,0.9186,0.61
1065,FALSE_POSITIVE,0.0061,0.61
1066,CONFIRMED,0.8243,0.61
1067,FALSE_POSITIVE,0.0063,0.61
1068,FALSE_POSITIVE,0.0008,0.61
1069,FALSE_POSITIVE,0.0048,0.61
1070,FALSE_POSITIVE,0.0125,0.61
1071,FALSE_POSITIVE,0.0143,0.61
1072,CONFIRMED,0.8811,0.61
1073,FALSE_POSITIVE,0.0075,0.61
1074,FALSE_POSITIVE,0.0105,0.61
1075,FALSE_POSITIVE,0.1406,0.61
1076,FALSE_POSITIVE,0.002,0.61
1077,FALSE_POSITIVE,0.2303,0.61
1078,FALSE_POSITIVE,0.0063,0.61
1079,FALSE_POSITIVE,0.0275,0.61
1080,FALSE_POSITIVE,0.1466,0.61
1081,FALSE_POSITIVE,0.0483,0.61
1082,CONFIRMED,0.8476,0.61
1083,FALSE_POSITIVE,0.0299,0.61
1084,FALSE_POSITIVE,0.0068,0.61
1085,FALSE_POSITIVE,0.0782,0.61
1086,FALSE_POSITIVE,0.0097,0.61
1087,FALSE_POSITIVE,0.1943,0.61
1088,FALSE_POSITIVE,0.0039,0.61
1089,FALSE_POSITIVE,0.0689,0.61
1090,FALSE_POSITIVE,0.003,0.61
1091,CONFIRMED,0.7434,0.61
1092,FALSE_POSITIVE,0.0058,0.61
1093,FALSE_POSITIVE,0.0039,0.61
1094,FALSE_POSITIVE,0.0039,0.61
1095,FALSE_POSITIVE,0.0017,0.61
1096,FALSE_POSITIVE,0.0117,0.61
1097,FALSE_POSITIVE,0.0704,0.61
1098,FALSE_POSITIVE,0.0054,0.61
1099,FALSE_POSITIVE,0.0048,0.61
1100,FALSE_POSITIVE,0.1293,0.61
1101,FALSE_POSITIVE,0.3811,0.61
1102,FALSE_POSITIVE,0.0054,0.61
1103,FALSE_POSITIVE,0.0075,0.61
1104,FALSE_POSITIVE,0.0349,0.61
1105,FALSE_POSITIVE,0.0281,0.61
1106,CONFIRMED,0.9755,0.61
1107,FALSE_POSITIVE,0.0163,0.61
1108,FALSE_POSITIVE,0.007,0.61
1109,FALSE_POSITIVE,0.0267,0.61
1110,CONFIRMED,0.7727,0.61
1111,FALSE_POSITIVE,0.0118,0.61
1112,FALSE_POSITIVE,0.018,0.61
1113,FALSE_POSITIVE,0.1909,0.61
1114,FALSE_POSITIVE,0.0042,0.61
1115,FALSE_POSITIVE,0.0053,0.61
1116,FALSE_POSITIVE,0.0048,0.61
1117,FALSE_POSITIVE,0.0054,0.61
1118,FALSE_POSITIVE,0.1951,0.61
1119,FALSE_POSITIVE,0.0072,0.61
1120,FALSE_POSITIVE,0.1372,0.61
1121,FALSE_POSITIVE,0.0287,0.61
1122,FALSE_POSITIVE,0.0118,0.61
1123,FALSE_POSITIVE,0.0854,0.61
1124,FALSE_POSITIVE,0.4737,0.61
1125,FALSE_POSITIVE,0.0352,0.61
1126,FALSE_POSITIVE,0.0108,0.61
1127,FALSE_POSITIVE,0.0096,0.61
1128,CONFIRMED,0.8456,0.61
1129,FALSE_POSITIVE,0.38,0.61
1130,CONFIRMED,0.9723,0.61
1131,FALSE_POSITIVE,0.0344,0.61
1132,FALSE_POSITIVE,0.0024,0.61
1133,FALSE_POSITIVE,0.003,0.61
1134,FALSE_POSITIVE,0.003,0.61
1135,FALSE_POSITIVE,0.0495,0.61
1136,FALSE_POSITIVE,0.0569,0.61
1137,FALSE_POSITIVE,0.065,0.61
1138,FALSE_POSITIVE,0.0424,0.61
1139,FALSE_POSITIVE,0.0198,0.61
1140,FALSE_POSITIVE,0.0042,0.61
1141,FALSE_POSITIVE,0.0042,0.61
1142,FALSE_POSITIVE,0.0049,0.61
1143,CONFIRMED,0.8377,0.61
1144,FALSE_POSITIVE,0.0186,0.61
1145,CONFIRMED,0.7366,0.61
1146,FALSE_POSITIVE,0.0054,0.61
1147,FALSE_POSITIVE,0.113,0.61
1148,FALSE_POSITIVE,0.005,0.61
1149,FALSE_POSITIVE,0.3898,0.61
1150,FALSE_POSITIVE,0.1217,0.61
1151,FALSE_POSITIVE,0.0067,0.61
1152,CONFIRMED,0.828,0.61
1153,FALSE_POSITIVE,0.0074,0.61
1154,FALSE_POSITIVE,0.0038,0.61
1155,CONFIRMED,0.7607,0.61
1156,FALSE_POSITIVE,0.4195,0.61
1157,FALSE_POSITIVE,0.119,0.61
1158,FALSE_POSITIVE,0.0043,0.61
1159,FALSE_POSITIVE,0.222,0.61
1160,FALSE_POSITIVE,0.0048,0.61
1161,FALSE_POSITIVE,0.0113,0.61
1162,FALSE_POSITIVE,0.1342,0.61
1163,FALSE_POSITIVE,0.0382,0.61
1164,FALSE_POSITIVE,0.0106,0.61
1165,FALSE_POSITIVE,0.0069,0.61
1166,FALSE_POSITIVE,0.0192,0.61
1167,FALSE_POSITIVE,0.0287,0.61
1168,FALSE_POSITIVE,0.0151,0.61
1169,CONFIRMED,0.9054,0.61
1170,FALSE_POSITIVE,0.0068,0.61
1171,FALSE_POSITIVE,0.0126,0.61
1172,FALSE_POSITIVE,0.0027,0.61
1173,FALSE_POSITIVE,0.0019,0.61
1174,FALSE_POSITIVE,0.0448,0.61
1175,FALSE_POSITIVE,0.0065,0.61
1176,FALSE_POSITIVE,0.0052,0.61
1177,FALSE_POSITIVE,0.0127,0.61
1178,FALSE_POSITIVE,0.0041,0.61
1179,FALSE_POSITIVE,0.0067,0.61
1180,FALSE_POSITIVE,0.1096,0.61
1181,FALSE_POSITIVE,0.0065,0.61
1182,FALSE_POSITIVE,0.0784,0.61
1183,FALSE_POSITIVE,0.0053,0.61
1184,FALSE_POSITIVE,0.0013,0.61
1185,CONFIRMED,0.9858,0.61
1186,FALSE_POSITIVE,0.083,0.61
1187,FALSE_POSITIVE,0.0184,0.61
1188,FALSE_POSITIVE,0.0366,0.61
1189,FALSE_POSITIVE,0.0037,0.61
1190,FALSE_POSITIVE,0.0232,0.61
1191,FALSE_POSITIVE,0.0128,0.61
1192,FALSE_POSITIVE,0.085,0.61
1193,FALSE_POSITIVE,0.0053,0.61
1194,FALSE_POSITIVE,0.0037,0.61
1195,FALSE_POSITIVE,0.0409,0.61
1196,FALSE_POSITIVE,0.5675,0.61
1197,FALSE_POSITIVE,0.004,0.61
1198,FALSE_POSITIVE,0.0094,0.61
1199,FALSE_POSITIVE,0.0044,0.61
1200,FALSE_POSITIVE,0.0019,0.61
1201,FALSE_POSITIVE,0.0038,0.61
1202,FALSE_POSITIVE,0.2934,0.61
1203,FALSE_POSITIVE,0.0189,0.61
1204,FALSE_POSITIVE,0.1568,0.61
1205,FALSE_POSITIVE,0.0097,0.61
1206,FALSE_POSITIVE,0.0046,0.61
1207,FALSE_POSITIVE,0.0616,0.61
1208,FALSE_POSITIVE,0.0024,0.61
1209,CONFIRMED,0.8116,0.61
1210,FALSE_POSITIVE,0.0031,0.61
1211,FALSE_POSITIVE,0.0318,0.61
1212,FALSE_POSITIVE,0.1569,0.61
1213,FALSE_POSITIVE,0.0057,0.61
1214,FALSE_POSITIVE,0.0046,0.61
1215,CONFIRMED,0.8027,0.61
1216,FALSE_POSITIVE,0.0069,0.61
1217,FALSE_POSITIVE,0.2482,0.61
1218,FALSE_POSITIVE,0.1338,0.61
1219,FALSE_POSITIVE,0.0045,0.61
1220,FALSE_POSITIVE,0.148,0.61
1221,FALSE_POSITIVE,0.5167,0.61
1222,CONFIRMED,0.6901,0.61
1223,FALSE_POSITIVE,0.0887,0.61
1224,FALSE_POSITIVE,0.1916,0.61
1225,FALSE_POSITIVE,0.0363,0.61
1226,FALSE_POSITIVE,0.0098,0.61
1227,FALSE_POSITIVE,0.0278,0.61
1228,FALSE_POSITIVE,0.0067,0.61
1229,FALSE_POSITIVE,0.0167,0.61
1230,FALSE_POSITIVE,0.0071,0.61
1231,FALSE_POSITIVE,0.0044,0.61
1232,FALSE_POSITIVE,0.0232,0.61
1233,FALSE_POSITIVE,0.0041,0.61
1234,FALSE_POSITIVE,0.0954,0.61
1235,FALSE_POSITIVE,0.0313,0.61
1236,FALSE_POSITIVE,0.0097,0.61
1237,FALSE_POSITIVE,0.0034,0.61
1238,FALSE_POSITIVE,0.0481,0.61
1239,FALSE_POSITIVE,0.0203,0.61
1240,FALSE_POSITIVE,0.0095,0.61
1241,FALSE_POSITIVE,0.0277,0.61
1242,FALSE_POSITIVE,0.0124,0.61
1243,FALSE_POSITIVE,0.002,0.61
1244,CONFIRMED,0.9634,0.61
1245,FALSE_POSITIVE,0.0052,0.61
1246,FALSE_POSITIVE,0.0192,0.61
1247,FALSE_POSITIVE,0.0332,0.61
1248,FALSE_POSITIVE,0.0166,0.61
1249,FALSE_POSITIVE,0.0402,0.61
1250,FALSE_POSITIVE,0.0731,0.61
1251,FALSE_POSITIVE,0.0026,0.61
1252,FALSE_POSITIVE,0.0064,0.61
1253,FALSE_POSITIVE,0.0092,0.61
1254,FALSE_POSITIVE,0.1371,0.61
1255,FALSE_POSITIVE,0.52,0.61
1256,FALSE_POSITIVE,0.3023,0.61
1257,FALSE_POSITIVE,0.0106,0.61
1258,FALSE_POSITIVE,0.0333,0.61
1259,FALSE_POSITIVE,0.0099,0.61
1260,FALSE_POSITIVE,0.0179,0.61
1261,FALSE_POSITIVE,0.137,0.61
1262,FALSE_POSITIVE,0.0019,0.61
1263,FALSE_POSITIVE,0.0086,0.61
1264,FALSE_POSITIVE,0.4751,0.61
1265,FALSE_POSITIVE,0.004,0.61
1266,FALSE_POSITIVE,0.5925,0.61
1267,FALSE_POSITIVE,0.1058,0.61
1268,FALSE_POSITIVE,0.0037,0.61
1269,FALSE_POSITIVE,0.1703,0.61
1270,FALSE_POSITIVE,0.27,0.61
1271,FALSE_POSITIVE,0.0205,0.61
1272,CONFIRMED,0.9747,0.61
1273,FALSE_POSITIVE,0.0052,0.61
1274,FALSE_POSITIVE,0.0081,0.61
1275,FALSE_POSITIVE,0.0824,0.61
1276,FALSE_POSITIVE,0.005,0.61
1277,FALSE_POSITIVE,0.0214,0.61
1278,FALSE_POSITIVE,0.01,0.61
1279,FALSE_POSITIVE,0.5708,0.61
1280,FALSE_POSITIVE,0.0042,0.61
1281,CONFIRMED,0.8775,0.61
1282,FALSE_POSITIVE,0.0029,0.61
1283,FALSE_POSITIVE,0.5234,0.61
1284,FALSE_POSITIVE,0.002,0.61
1285,FALSE_POSITIVE,0.0223,0.61
1286,FALSE_POSITIVE,0.0037,0.61
1287,FALSE_POSITIVE,0.0046,0.61
1288,FALSE_POSITIVE,0.0046,0.61
1289,FALSE_POSITIVE,0.0048,0.61
1290,FALSE_POSITIVE,0.0033,0.61
1291,FALSE_POSITIVE,0.452,0.61
1292,FALSE_POSITIVE,0.0102,0.61
1293,FALSE_POSITIVE,0.1381,0.61
1294,FALSE_POSITIVE,0.0246,0.61
1295,FALSE_POSITIVE,0.0174,0.61
1296,FALSE_POSITIVE,0.1009,0.61
1297,FALSE_POSITIVE,0.0019,0.61
1298,CONFIRMED,0.6788,0.61
1299,FALSE_POSITIVE,0.0106,0.61
1300,FALSE_POSITIVE,0.0047,0.61
1301,FALSE_POSITIVE,0.0076,0.61
1302,FALSE_POSITIVE,0.014,0.61
1303,FALSE_POSITIVE,0.5874,0.61
1304,FALSE_POSITIVE,0.0053,0.61
1305,FALSE_POSITIVE,0.0066,0.61
1306,FALSE_POSITIVE,0.0013,0.61
1307,FALSE_POSITIVE,0.0148,0.61
1308,CONFIRMED,0.7006,0.61
1309,FALSE_POSITIVE,0.0044,0.61
1310,FALSE_POSITIVE,0.046,0.61
1311,FALSE_POSITIVE,0.0108,0.61
1312,FALSE_POSITIVE,0.2093,0.61
1313,FALSE_POSITIVE,0.0025,0.61
1314,FALSE_POSITIVE,0.0045,0.61
1315,FALSE_POSITIVE,0.0024,0.61
1316,FALSE_POSITIVE,0.0123,0.61
1317,FALSE_POSITIVE,0.0175,0.61
1318,FALSE_POSITIVE,0.0081,0.61
1319,FALSE_POSITIVE,0.0169,0.61
1320,FALSE_POSITIVE,0.1505,0.61
1321,FALSE_POSITIVE,0.0226,0.61
1322,FALSE_POSITIVE,0.0071,0.61
1323,FALSE_POSITIVE,0.0149,0.61
1324,FALSE_POSITIVE,0.0109,0.61
1325,FALSE_POSITIVE,0.1407,0.61
1326,FALSE_POSITIVE,0.0041,0.61
1327,FALSE_POSITIVE,0.0045,0.61
1328,FALSE_POSITIVE,0.0014,0.61
1329,FALSE_POSITIVE,0.0023,0.61
1330,FALSE_POSITIVE,0.0042,0.61
1331,CONFIRMED,0.9383,0.61
1332,FALSE_POSITIVE,0.0285,0.61
1333,FALSE_POSITIVE,0.0169,0.61
1334,FALSE_POSITIVE,0.0544,0.61
1335,FALSE_POSITIVE,0.1898,0.61
1336,FALSE_POSITIVE,0.0043,0.61
1337,FALSE_POSITIVE,0.012,0.61
1338,FALSE_POSITIVE,0.0024,0.61
1339,FALSE_POSITIVE,0.0157,0.61
1340,FALSE_POSITIVE,0.0042,0.61
1341,FALSE_POSITIVE,0.44,0.61
1342,FALSE_POSITIVE,0.0707,0.61
1343,FALSE_POSITIVE,0.0382,0.61
1344,FALSE_POSITIVE,0.0061,0.61
1345,FALSE_POSITIVE,0.0063,0.61
1346,FALSE_POSITIVE,0.0036,0.61
1347,FALSE_POSITIVE,0.1265,0.61
1348,FALSE_POSITIVE,0.0127,0.61
1349,FALSE_POSITIVE,0.3058,0.61
1350,FALSE_POSITIVE,0.0328,0.61
1351,FALSE_POSITIVE,0.0029,0.61
1352,FALSE_POSITIVE,0.0924,0.61
1353,FALSE_POSITIVE,0.2881,0.61
1354,FALSE_POSITIVE,0.004,0.61
1355,FALSE_POSITIVE,0.0019,0.61
1356,FALSE_POSITIVE,0.1205,0.61
1357,FALSE_POSITIVE,0.1071,0.61
1358,FALSE_POSITIVE,0.0187,0.61
1359,FALSE_POSITIVE,0.0064,0.61
1360,FALSE_POSITIVE,0.0162,0.61
1361,FALSE_POSITIVE,0.023,0.61
1362,FALSE_POSITIVE,0.0089,0.61
1363,FALSE_POSITIVE,0.0045,0.61
1364,FALSE_POSITIVE,0.0091,0.61
1365,FALSE_POSITIVE,0.0113,0.61
1366,CONFIRMED,0.9492,0.61
1367,CONFIRMED,0.9257,0.61
1368,FALSE_POSITIVE,0.0041,0.61
1369,FALSE_POSITIVE,0.4011,0.61
1370,FALSE_POSITIVE,0.0053,0.61
1371,FALSE_POSITIVE,0.0138,0.61
1372,FALSE_POSITIVE,0.0338,0.61
1373,FALSE_POSITIVE,0.0059,0.61
1374,FALSE_POSITIVE,0.0019,0.61
1375,CONFIRMED,0.9125,0.61
1376,FALSE_POSITIVE,0.0371,0.61
1377,FALSE_POSITIVE,0.0379,0.61
1378,FALSE_POSITIVE,0.0055,0.61
1379,FALSE_POSITIVE,0.0058,0.61
1380,FALSE_POSITIVE,0.5146,0.61
1381,FALSE_POSITIVE,0.0346,0.61
1382,FALSE_POSITIVE,0.0379,0.61
1383,FALSE_POSITIVE,0.0086,0.61
1384,FALSE_POSITIVE,0.0064,0.61
1385,FALSE_POSITIVE,0.344,0.61
1386,FALSE_POSITIVE,0.0031,0.61
1387,FALSE_POSITIVE,0.0089,0.61
1388,FALSE_POSITIVE,0.0136,0.61
1389,FALSE_POSITIVE,0.0781,0.61
1390,FALSE_POSITIVE,0.3,0.61
1391,FALSE_POSITIVE,0.0081,0.61
1392,FALSE_POSITIVE,0.0679,0.61
1393,FALSE_POSITIVE,0.0067,0.61
1394,FALSE_POSITIVE,0.0053,0.61
1395,FALSE_POSITIVE,0.0138,0.61
1396,FALSE_POSITIVE,0.002,0.61
1397,FALSE_POSITIVE,0.0025,0.61
1398,FALSE_POSITIVE,0.1312,0.61
1399,FALSE_POSITIVE,0.0206,0.61
1400,FALSE_POSITIVE,0.0043,0.61
1401,CONFIRMED,0.6652,0.61
1402,FALSE_POSITIVE,0.1245,0.61
1403,FALSE_POSITIVE,0.023,0.61
1404,CONFIRMED,0.9165,0.61
1405,FALSE_POSITIVE,0.0122,0.61
1406,FALSE_POSITIVE,0.0099,0.61
1407,FALSE_POSITIVE,0.3599,0.61
1408,FALSE_POSITIVE,0.2242,0.61
1409,FALSE_POSITIVE,0.0185,0.61
1410,FALSE_POSITIVE,0.2983,0.61
1411,FALSE_POSITIVE,0.2775,0.61
1412,FALSE_POSITIVE,0.0041,0.61
1413,FALSE_POSITIVE,0.0089,0.61
1414,FALSE_POSITIVE,0.0053,0.61
1415,CONFIRMED,0.9339,0.61
1416,CONFIRMED,0.8812,0.61
1417,FALSE_POSITIVE,0.0121,0.61
1418,FALSE_POSITIVE,0.4787,0.61
1419,FALSE_POSITIVE,0.5185,0.61
1420,FALSE_POSITIVE,0.0068,0.61
1421,FALSE_POSITIVE,0.0038,0.61
1422,FALSE_POSITIVE,0.0022,0.61
1423,FALSE_POSITIVE,0.2019,0.61
1424,FALSE_POSITIVE,0.5056,0.61
1425,FALSE_POSITIVE,0.2175,0.61
1426,FALSE_POSITIVE,0.0054,0.61
1427,FALSE_POSITIVE,0.0074,0.61
1428,FALSE_POSITIVE,0.3338,0.61
1429,FALSE_POSITIVE,0.0095,0.61
1430,FALSE_POSITIVE,0.0033,0.61
1431,CONFIRMED,0.9885,0.61
1432,FALSE_POSITIVE,0.1182,0.61
1433,FALSE_POSITIVE,0.0275,0.61
1434,FALSE_POSITIVE,0.021,0.61
1435,FALSE_POSITIVE,0.0711,0.61
1436,FALSE_POSITIVE,0.0049,0.61
1437,FALSE_POSITIVE,0.3473,0.61
1438,FALSE_POSITIVE,0.0106,0.61
1439,FALSE_POSITIVE,0.2909,0.61
1440,FALSE_POSITIVE,0.1883,0.61
1441,FALSE_POSITIVE,0.5156,0.61
1442,FALSE_POSITIVE,0.006,0.61
1443,FALSE_POSITIVE,0.019,0.61
1444,CONFIRMED,0.9901,0.61
1445,FALSE_POSITIVE,0.0075,0.61
1446,FALSE_POSITIVE,0.3263,0.61
1447,CONFIRMED,0.6264,0.61
1448,CONFIRMED,0.8439,0.61
1449,FALSE_POSITIVE,0.0029,0.61
1450,FALSE_POSITIVE,0.2105,0.61
1451,FALSE_POSITIVE,0.2377,0.61
1452,FALSE_POSITIVE,0.4668,0.61
1453,FALSE_POSITIVE,0.0044,0.61
1454,CONFIRMED,0.8595,0.61
1455,FALSE_POSITIVE,0.0015,0.61
1456,FALSE_POSITIVE,0.5901,0.61
1457,CONFIRMED,0.9132,0.61
1458,FALSE_POSITIVE,0.0249,0.61
1459,FALSE_POSITIVE,0.1431,0.61
1460,FALSE_POSITIVE,0.0052,0.61
1461,FALSE_POSITIVE,0.2547,0.61
1462,FALSE_POSITIVE,0.595,0.61
1463,FALSE_POSITIVE,0.0047,0.61
1464,FALSE_POSITIVE,0.2154,0.61
1465,FALSE_POSITIVE,0.2864,0.61
1466,FALSE_POSITIVE,0.0076,0.61
1467,FALSE_POSITIVE,0.01,0.61
1468,FALSE_POSITIVE,0.0379,0.61
1469,FALSE_POSITIVE,0.0036,0.61
1470,FALSE_POSITIVE,0.0269,0.61
1471,FALSE_POSITIVE,0.008,0.61
1472,FALSE_POSITIVE,0.0061,0.61
1473,FALSE_POSITIVE,0.0161,0.61
1474,FALSE_POSITIVE,0.0075,0.61
1475,CONFIRMED,0.8854,0.61
1476,FALSE_POSITIVE,0.4511,0.61
1477,CONFIRMED,0.8079,0.61
1478,FALSE_POSITIVE,0.0981,0.61
1479,CONFIRMED,0.793,0.61
1480,CONFIRMED,0.8645,0.61
1481,CONFIRMED,0.9633,0.61
1482,FALSE_POSITIVE,0.0085,0.61
1483,FALSE_POSITIVE,0.3095,0.61
1484,CONFIRMED,0.6794,0.61
1485,CONFIRMED,0.6926,0.61
1486,CONFIRMED,0.9659,0.61
1487,FALSE_POSITIVE,0.0616,0.61
1488,FALSE_POSITIVE,0.2476,0.61
1489,CONFIRMED,0.9328,0.61
1490,FALSE_POSITIVE,0.3053,0.61
1491,FALSE_POSITIVE,0.0272,0.61
1492,FALSE_POSITIVE,0.021,0.61
1493,FALSE_POSITIVE,0.0065,0.61
1494,FALSE_POSITIVE,0.0061,0.61
1495,FALSE_POSITIVE,0.0057,0.61
1496,FALSE_POSITIVE,0.0055,0.61
1497,FALSE_POSITIVE,0.0122,0.61
1498,FALSE_POSITIVE,0.0054,0.61
1499,FALSE_POSITIVE,0.0028,0.61
1500,FALSE_POSITIVE,0.0029,0.61
1501,FALSE_POSITIVE,0.2945,0.61
1502,FALSE_POSITIVE,0.2965,0.61
1503,FALSE_POSITIVE,0.0062,0.61
1504,CONFIRMED,0.8511,0.61
1505,FALSE_POSITIVE,0.0057,0.61
1506,FALSE_POSITIVE,0.0183,0.61
1507,CONFIRMED,0.943,0.61
1508,FALSE_POSITIVE,0.0053,0.61
1509,FALSE_POSITIVE,0.005,0.61
1510,FALSE_POSITIVE,0.0076,0.61
1511,FALSE_POSITIVE,0.0152,0.61
1512,CONFIRMED,0.8916,0.61
1513,FALSE_POSITIVE,0.002,0.61
1514,CONFIRMED,0.7508,0.61
1515,FALSE_POSITIVE,0.4595,0.61
1516,FALSE_POSITIVE,0.0462,0.61
1517,FALSE_POSITIVE,0.096,0.61
1518,FALSE_POSITIVE,0.5765,0.61
1519,FALSE_POSITIVE,0.0047,0.61
1520,FALSE_POSITIVE,0.3185,0.61
1521,FALSE_POSITIVE,0.0522,0.61
1522,FALSE_POSITIVE,0.0061,0.61
1523,FALSE_POSITIVE,0.1692,0.61
1524,FALSE_POSITIVE,0.0046,0.61
1525,FALSE_POSITIVE,0.0357,0.61
1526,FALSE_POSITIVE,0.0574,0.61
1527,FALSE_POSITIVE,0.2994,0.61
1528,CONFIRMED,0.9153,0.61
1529,CONFIRMED,0.8466,0.61
1530,FALSE_POSITIVE,0.3838,0.61
1531,FALSE_POSITIVE,0.0619,0.61
1532,FALSE_POSITIVE,0.0219,0.61
1533,FALSE_POSITIVE,0.0177,0.61
1534,FALSE_POSITIVE,0.0352,0.61
1535,FALSE_POSITIVE,0.23,0.61
1536,FALSE_POSITIVE,0.0551,0.61
1537,CONFIRMED,0.628,0.61
1538,FALSE_POSITIVE,0.0621,0.61
1539,FALSE_POSITIVE,0.009,0.61
1540,FALSE_POSITIVE,0.3341,0.61
1541,FALSE_POSITIVE,0.003,0.61
1542,FALSE_POSITIVE,0.0148,0.61
1543,FALSE_POSITIVE,0.0047,0.61
1544,FALSE_POSITIVE,0.0076,0.61
1545,FALSE_POSITIVE,0.2258,0.61
1546,CONFIRMED,0.8951,0.61
1547,FALSE_POSITIVE,0.0076,0.61
1548,FALSE_POSITIVE,0.0413,0.61
1549,CONFIRMED,0.8434,0.61
1550,FALSE_POSITIVE,0.0568,0.61
1551,FALSE_POSITIVE,0.0072,0.61
1552,FALSE_POSITIVE,0.0358,0.61
1553,FALSE_POSITIVE,0.3636,0.61
1554,FALSE_POSITIVE,0.1808,0.61
1555,FALSE_POSITIVE,0.0099,0.61
1556,FALSE_POSITIVE,0.3639,0.61
1557,FALSE_POSITIVE,0.008,0.61
1558,CONFIRMED,0.8044,0.61
1559,FALSE_POSITIVE,0.2282,0.61
1560,FALSE_POSITIVE,0.0229,0.61
1561,FALSE_POSITIVE,0.0859,0.61
1562,FALSE_POSITIVE,0.0032,0.61
1563,FALSE_POSITIVE,0.0043,0.61
1564,FALSE_POSITIVE,0.0466,0.61
1565,FALSE_POSITIVE,0.0298,0.61
1566,FALSE_POSITIVE,0.4331,0.61
1567,FALSE_POSITIVE,0.0219,0.61
1568,FALSE_POSITIVE,0.3032,0.61
1569,FALSE_POSITIVE,0.439,0.61
1570,FALSE_POSITIVE,0.004,0.61
1571,CONFIRMED,0.7445,0.61
1572,FALSE_POSITIVE,0.0209,0.61
1573,FALSE_POSITIVE,0.0563,0.61
1574,FALSE_POSITIVE,0.0533,0.61
1575,FALSE_POSITIVE,0.1423,0.61
1576,FALSE_POSITIVE,0.1736,0.61
1577,FALSE_POSITIVE,0.0407,0.61
1578,FALSE_POSITIVE,0.0552,0.61
1579,FALSE_POSITIVE,0.0987,0.61
1580,FALSE_POSITIVE,0.1423,0.61
1581,FALSE_POSITIVE,0.1382,0.61
1582,FALSE_POSITIVE,0.2753,0.61
1583,FALSE_POSITIVE,0.1202,0.61
1584,FALSE_POSITIVE,0.1933,0.61
1585,CONFIRMED,0.6311,0.61
1586,FALSE_POSITIVE,0.1822,0.61
1587,FALSE_POSITIVE,0.1502,0.61
1588,FALSE_POSITIVE,0.0057,0.61
1589,FALSE_POSITIVE,0.1068,0.61
1590,FALSE_POSITIVE,0.1654,0.61
1591,CONFIRMED,0.6605,0.61
1592,FALSE_POSITIVE,0.05,0.61
1593,FALSE_POSITIVE,0.0041,0.61
1594,FALSE_POSITIVE,0.0094,0.61
1595,FALSE_POSITIVE,0.0249,0.61
1596,FALSE_POSITIVE,0.0052,0.61
1597,FALSE_POSITIVE,0.1485,0.61
1598,FALSE_POSITIVE,0.4708,0.61
1599,FALSE_POSITIVE,0.0556,0.61
1600,FALSE_POSITIVE,0.2503,0.61
1601,FALSE_POSITIVE,0.0038,0.61
1602,FALSE_POSITIVE,0.0906,0.61
1603,FALSE_POSITIVE,0.3375,0.61
1604,FALSE_POSITIVE,0.0489,0.61
1605,FALSE_POSITIVE,0.2267,0.61
1606,FALSE_POSITIVE,0.0501,0.61
1607,FALSE_POSITIVE,0.2869,0.61
1608,FALSE_POSITIVE,0.3243,0.61
1609,FALSE_POSITIVE,0.0666,0.61
1610,FALSE_POSITIVE,0.206,0.61
1611,FALSE_POSITIVE,0.5179,0.61
1612,FALSE_POSITIVE,0.5951,0.61
1613,FALSE_POSITIVE,0.0898,0.61
1614,CONFIRMED,0.8473,0.61
1615,FALSE_POSITIVE,0.0185,0.61
1616,FALSE_POSITIVE,0.0094,0.61
1617,CONFIRMED,0.8811,0.61
1618,FALSE_POSITIVE,0.0532,0.61
1619,FALSE_POSITIVE,0.369,0.61
1620,FALSE_POSITIVE,0.0217,0.61
1621,FALSE_POSITIVE,0.0087,0.61
1622,FALSE_POSITIVE,0.0044,0.61
1623,FALSE_POSITIVE,0.0028,0.61
1624,FALSE_POSITIVE,0.5288,0.61
1625,FALSE_POSITIVE,0.5144,0.61
1626,FALSE_POSITIVE,0.4286,0.61
1627,FALSE_POSITIVE,0.1397,0.61
1628,FALSE_POSITIVE,0.1189,0.61
1629,FALSE_POSITIVE,0.2463,0.61
1630,CONFIRMED,0.6753,0.61
1631,FALSE_POSITIVE,0.004,0.61
1632,FALSE_POSITIVE,0.0025,0.61
1633,FALSE_POSITIVE,0.0634,0.61
1634,FALSE_POSITIVE,0.0059,0.61
1635,FALSE_POSITIVE,0.0746,0.61
1636,FALSE_POSITIVE,0.344,0.61
1637,FALSE_POSITIVE,0.0851,0.61
1638,FALSE_POSITIVE,0.2908,0.61
1639,FALSE_POSITIVE,0.1702,0.61
1640,FALSE_POSITIVE,0.2453,0.61
1641,FALSE_POSITIVE,0.2569,0.61
1642,FALSE_POSITIVE,0.1583,0.61
1643,FALSE_POSITIVE,0.0806,0.61
1644,FALSE_POSITIVE,0.0009,0.61
1645,FALSE_POSITIVE,0.0113,0.61
1646,FALSE_POSITIVE,0.2162,0.61
1647,FALSE_POSITIVE,0.2842,0.61
1648,CONFIRMED,0.8283,0.61
1649,FALSE_POSITIVE,0.4847,0.61
1650,FALSE_POSITIVE,0.0612,0.61
1651,FALSE_POSITIVE,0.0278,0.61
1652,FALSE_POSITIVE,0.0124,0.61
1653,FALSE_POSITIVE,0.1823,0.61
1654,FALSE_POSITIVE,0.0016,0.61
1655,FALSE_POSITIVE,0.0466,0.61
1656,FALSE_POSITIVE,0.1765,0.61
1657,FALSE_POSITIVE,0.0528,0.61
1658,FALSE_POSITIVE,0.5936,0.61
1659,FALSE_POSITIVE,0.0072,0.61
1660,CONFIRMED,0.6212,0.61
1661,FALSE_POSITIVE,0.0677,0.61
1662,FALSE_POSITIVE,0.0042,0.61
1663,FALSE_POSITIVE,0.1521,0.61
1664,FALSE_POSITIVE,0.0029,0.61
1665,FALSE_POSITIVE,0.1548,0.61
1666,FALSE_POSITIVE,0.0375,0.61
1667,FALSE_POSITIVE,0.0447,0.61
1668,FALSE_POSITIVE,0.0266,0.61
1669,FALSE_POSITIVE,0.0325,0.61
1670,FALSE_POSITIVE,0.3725,0.61
1671,FALSE_POSITIVE,0.0281,0.61
1672,FALSE_POSITIVE,0.205,0.61
1673,FALSE_POSITIVE,0.2573,0.61
1674,FALSE_POSITIVE,0.4362,0.61
1675,FALSE_POSITIVE,0.3585,0.61
1676,FALSE_POSITIVE,0.0051,0.61
1677,FALSE_POSITIVE,0.1279,0.61
1678,FALSE_POSITIVE,0.2406,0.61
1679,FALSE_POSITIVE,0.0286,0.61
1680,FALSE_POSITIVE,0.0008,0.61
1681,FALSE_POSITIVE,0.0761,0.61
1682,CONFIRMED,0.6534,0.61
1683,FALSE_POSITIVE,0.0187,0.61
1684,FALSE_POSITIVE,0.0065,0.61
1685,FALSE_POSITIVE,0.0769,0.61
1686,FALSE_POSITIVE,0.02,0.61
1687,FALSE_POSITIVE,0.5865,0.61
1688,FALSE_POSITIVE,0.1765,0.61
1689,FALSE_POSITIVE,0.0857,0.61
1690,FALSE_POSITIVE,0.0068,0.61
1691,FALSE_POSITIVE,0.3943,0.61
1692,FALSE_POSITIVE,0.0502,0.61
1693,FALSE_POSITIVE,0.156,0.61
1694,FALSE_POSITIVE,0.5451,0.61
1695,FALSE_POSITIVE,0.0102,0.61
1696,FALSE_POSITIVE,0.042,0.61
1697,FALSE_POSITIVE,0.0526,0.61
1698,FALSE_POSITIVE,0.2695,0.61
1699,FALSE_POSITIVE,0.013,0.61
1700,FALSE_POSITIVE,0.0503,0.61
1701,FALSE_POSITIVE,0.1441,0.61
1702,FALSE_POSITIVE,0.2103,0.61
1703,FALSE_POSITIVE,0.249,0.61
1704,FALSE_POSITIVE,0.0151,0.61
1705,FALSE_POSITIVE,0.19,0.61
1706,FALSE_POSITIVE,0.0094,0.61
1707,FALSE_POSITIVE,0.2938,0.61
1708,FALSE_POSITIVE,0.0104,0.61
1709,FALSE_POSITIVE,0.2263,0.61
1710,CONFIRMED,0.8513,0.61
1711,FALSE_POSITIVE,0.0515,0.61
1712,FALSE_POSITIVE,0.3341,0.61
1713,FALSE_POSITIVE,0.0118,0.61
1714,FALSE_POSITIVE,0.0062,0.61
1715,FALSE_POSITIVE,0.1998,0.61
1716,FALSE_POSITIVE,0.268,0.61
1717,FALSE_POSITIVE,0.0034,0.61
1718,FALSE_POSITIVE,0.1449,0.61
1719,FALSE_POSITIVE,0.009,0.61
1720,FALSE_POSITIVE,0.5374,0.61
1721,FALSE_POSITIVE,0.093,0.61
1722,FALSE_POSITIVE,0.3043,0.61
1723,FALSE_POSITIVE,0.5975,0.61
1724,FALSE_POSITIVE,0.0192,0.61
1725,FALSE_POSITIVE,0.0879,0.61
1726,FALSE_POSITIVE,0.0049,0.61
1727,FALSE_POSITIVE,0.0118,0.61
1728,CONFIRMED,0.6598,0.61
1729,FALSE_POSITIVE,0.0912,0.61
1730,FALSE_POSITIVE,0.007,0.61
1731,CONFIRMED,0.9537,0.61
1732,FALSE_POSITIVE,0.064,0.61
1733,FALSE_POSITIVE,0.0513,0.61
1734,CONFIRMED,0.9081,0.61
1735,FALSE_POSITIVE,0.0883,0.61
1736,FALSE_POSITIVE,0.0168,0.61
1737,FALSE_POSITIVE,0.0047,0.61
1738,FALSE_POSITIVE,0.2685,0.61
1739,FALSE_POSITIVE,0.1375,0.61
1740,CONFIRMED,0.8564,0.61
1741,FALSE_POSITIVE,0.4032,0.61
1742,CONFIRMED,0.8138,0.61
1743,FALSE_POSITIVE,0.4601,0.61
1744,CONFIRMED,0.8928,0.61
1745,FALSE_POSITIVE,0.2256,0.61
1746,FALSE_POSITIVE,0.111,0.61
1747,FALSE_POSITIVE,0.0698,0.61
1748,FALSE_POSITIVE,0.0661,0.61
1749,FALSE_POSITIVE,0.4444,0.61
1750,FALSE_POSITIVE,0.2099,0.61
1751,FALSE_POSITIVE,0.0901,0.61
1752,FALSE_POSITIVE,0.3473,0.61
1753,FALSE_POSITIVE,0.0641,0.61
1754,FALSE_POSITIVE,0.1076,0.61
1755,FALSE_POSITIVE,0.0155,0.61
1756,FALSE_POSITIVE,0.5304,0.61
1757,FALSE_POSITIVE,0.0729,0.61
1758,FALSE_POSITIVE,0.0372,0.61
1759,FALSE_POSITIVE,0.1316,0.61
1760,FALSE_POSITIVE,0.1512,0.61
1761,FALSE_POSITIVE,0.1269,0.61
1762,FALSE_POSITIVE,0.2867,0.61
1763,FALSE_POSITIVE,0.319,0.61
1764,FALSE_POSITIVE,0.1302,0.61
1765,FALSE_POSITIVE,0.5299,0.61
1766,FALSE_POSITIVE,0.2225,0.61
1767,FALSE_POSITIVE,0.1797,0.61
1768,FALSE_POSITIVE,0.2875,0.61
1769,FALSE_POSITIVE,0.2361,0.61
1770,FALSE_POSITIVE,0.0045,0.61
1771,FALSE_POSITIVE,0.3238,0.61
1772,FALSE_POSITIVE,0.1132,0.61
1773,FALSE_POSITIVE,0.0872,0.61
1774,FALSE_POSITIVE,0.0112,0.61
1775,FALSE_POSITIVE,0.0105,0.61
1776,FALSE_POSITIVE,0.0078,0.61
1777,CONFIRMED,0.6696,0.61
1778,FALSE_POSITIVE,0.2777,0.61
1779,FALSE_POSITIVE,0.3025,0.61
1780,FALSE_POSITIVE,0.0153,0.61
1781,CONFIRMED,0.7577,0.61
1782,FALSE_POSITIVE,0.6026,0.61
1783,FALSE_POSITIVE,0.0489,0.61
1784,FALSE_POSITIVE,0.5484,0.61
1785,FALSE_POSITIVE,0.0045,0.61
1786,CONFIRMED,0.8207,0.61
1787,FALSE_POSITIVE,0.0109,0.61
1788,FALSE_POSITIVE,0.0279,0.61
1789,FALSE_POSITIVE,0.0302,0.61
1790,FALSE_POSITIVE,0.1324,0.61
1791,FALSE_POSITIVE,0.004,0.61
1792,FALSE_POSITIVE,0.0058,0.61
1793,FALSE_POSITIVE,0.1009,0.61
1794,FALSE_POSITIVE,0.1706,0.61
1795,CONFIRMED,0.8994,0.61
1796,FALSE_POSITIVE,0.006,0.61
1797,FALSE_POSITIVE,0.0611,0.61
1798,FALSE_POSITIVE,0.0632,0.61
1799,FALSE_POSITIVE,0.4315,0.61
1800,FALSE_POSITIVE,0.2043,0.61
1801,FALSE_POSITIVE,0.5886,0.61
1802,FALSE_POSITIVE,0.1236,0.61
1803,FALSE_POSITIVE,0.4409,0.61
1804,FALSE_POSITIVE,0.4748,0.61
1805,FALSE_POSITIVE,0.2995,0.61
1806,FALSE_POSITIVE,0.3485,0.61
1807,FALSE_POSITIVE,0.1778,0.61
1808,FALSE_POSITIVE,0.5299,0.61
1809,FALSE_POSITIVE,0.1063,0.61
1810,FALSE_POSITIVE,0.1429,0.61
1811,FALSE_POSITIVE,0.1791,0.61
1812,FALSE_POSITIVE,0.0324,0.61
1813,FALSE_POSITIVE,0.1528,0.61
1814,FALSE_POSITIVE,0.0688,0.61
1815,CONFIRMED,0.943,0.61
1816,FALSE_POSITIVE,0.1394,0.61
1817,FALSE_POSITIVE,0.4401,0.61
1818,FALSE_POSITIVE,0.0113,0.61
1819,FALSE_POSITIVE,0.0296,0.61
1820,FALSE_POSITIVE,0.0984,0.61
1821,FALSE_POSITIVE,0.059,0.61
1822,FALSE_POSITIVE,0.06,0.61
1823,FALSE_POSITIVE,0.1423,0.61
1824,FALSE_POSITIVE,0.2899,0.61
1825,FALSE_POSITIVE,0.2075,0.61
1826,FALSE_POSITIVE,0.2624,0.61
1827,CONFIRMED,0.9853,0.61
1828,FALSE_POSITIVE,0.5805,0.61
1829,CONFIRMED,0.7541,0.61
1830,FALSE_POSITIVE,0.0474,0.61
1831,FALSE_POSITIVE,0.1892,0.61
1832,FALSE_POSITIVE,0.2538,0.61
1833,FALSE_POSITIVE,0.138,0.61
1834,FALSE_POSITIVE,0.392,0.61
1835,FALSE_POSITIVE,0.0553,0.61
1836,FALSE_POSITIVE,0.0058,0.61
1837,FALSE_POSITIVE,0.2746,0.61
1838,FALSE_POSITIVE,0.0031,0.61
1839,FALSE_POSITIVE,0.0456,0.61
1840,FALSE_POSITIVE,0.4601,0.61
1841,FALSE_POSITIVE,0.3916,0.61
1842,FALSE_POSITIVE,0.3745,0.61
1843,CONFIRMED,0.7388,0.61
1844,FALSE_POSITIVE,0.0204,0.61
1845,FALSE_POSITIVE,0.0022,0.61
1846,FALSE_POSITIVE,0.0779,0.61
1847,FALSE_POSITIVE,0.0309,0.61
1848,FALSE_POSITIVE,0.5835,0.61
1849,FALSE_POSITIVE,0.0165,0.61
1850,FALSE_POSITIVE,0.4859,0.61
1851,FALSE_POSITIVE,0.1025,0.61
1852,FALSE_POSITIVE,0.082,0.61
1853,FALSE_POSITIVE,0.3079,0.61
1854,FALSE_POSITIVE,0.3992,0.61
1855,FALSE_POSITIVE,0.0584,0.61
1856,CONFIRMED,0.6276,0.61
1857,FALSE_POSITIVE,0.0572,0.61
1858,FALSE_POSITIVE,0.5268,0.61
1859,FALSE_POSITIVE,0.0103,0.61
1860,FALSE_POSITIVE,0.3061,0.61
1861,CONFIRMED,0.8812,0.61
1862,FALSE_POSITIVE,0.5979,0.61
1863,FALSE_POSITIVE,0.1794,0.61
1864,CONFIRMED,0.6629,0.61
1865,CONFIRMED,0.6876,0.61
1866,FALSE_POSITIVE,0.0278,0.61
1867,FALSE_POSITIVE,0.454,0.61
1868,FALSE_POSITIVE,0.0066,0.61
1869,FALSE_POSITIVE,0.0017,0.61
1870,FALSE_POSITIVE,0.1702,0.61
1871,FALSE_POSITIVE,0.0039,0.61
1872,FALSE_POSITIVE,0.0284,0.61
1873,FALSE_POSITIVE,0.0177,0.61
1874,FALSE_POSITIVE,0.2869,0.61
1875,FALSE_POSITIVE,0.009,0.61
1876,FALSE_POSITIVE,0.2122,0.61
1877,FALSE_POSITIVE,0.0174,0.61
1878,CONFIRMED,0.7548,0.61
1879,FALSE_POSITIVE,0.0061,0.61
1880,FALSE_POSITIVE,0.0065,0.61
1881,FALSE_POSITIVE,0.0108,0.61
1882,FALSE_POSITIVE,0.004,0.61
1883,FALSE_POSITIVE,0.0311,0.61
1884,FALSE_POSITIVE,0.249,0.61
1885,FALSE_POSITIVE,0.0073,0.61
1886,FALSE_POSITIVE,0.0114,0.61
1887,FALSE_POSITIVE,0.0148,0.61
1888,FALSE_POSITIVE,0.0655,0.61
1889,FALSE_POSITIVE,0.1084,0.61
1890,FALSE_POSITIVE,0.5923,0.61
1891,FALSE_POSITIVE,0.0051,0.61
1892,FALSE_POSITIVE,0.0996,0.61
1893,FALSE_POSITIVE,0.2333,0.61
1894,FALSE_POSITIVE,0.0128,0.61
1895,FALSE_POSITIVE,0.0106,0.61
1896,FALSE_POSITIVE,0.0047,0.61
1897,FALSE_POSITIVE,0.1638,0.61
1898,FALSE_POSITIVE,0.0179,0.61
1899,FALSE_POSITIVE,0.0039,0.61
1900,FALSE_POSITIVE,0.0086,0.61
1901,FALSE_POSITIVE,0.0073,0.61
1902,FALSE_POSITIVE,0.0127,0.61
1903,FALSE_POSITIVE,0.0941,0.61
1904,FALSE_POSITIVE,0.0707,0.61
1905,FALSE_POSITIVE,0.0151,0.61
1906,FALSE_POSITIVE,0.4347,0.61
1907,FALSE_POSITIVE,0.061,0.61
1908,FALSE_POSITIVE,0.4408,0.61
1909,FALSE_POSITIVE,0.0133,0.61
1910,FALSE_POSITIVE,0.0023,0.61
1911,FALSE_POSITIVE,0.0255,0.61
1912,FALSE_POSITIVE,0.0029,0.61
1913,FALSE_POSITIVE,0.013,0.61
1914,FALSE_POSITIVE,0.1763,0.61
1915,FALSE_POSITIVE,0.18,0.61
1916,FALSE_POSITIVE,0.0153,0.61
1917,FALSE_POSITIVE,0.0539,0.61
1918,FALSE_POSITIVE,0.2051,0.61
1919,FALSE_POSITIVE,0.2662,0.61
1920,FALSE_POSITIVE,0.0089,0.61
1921,FALSE_POSITIVE,0.0049,0.61
1922,FALSE_POSITIVE,0.0037,0.61
1923,FALSE_POSITIVE,0.0045,0.61
1924,FALSE_POSITIVE,0.0148,0.61
1925,FALSE_POSITIVE,0.0068,0.61
1926,FALSE_POSITIVE,0.1412,0.61
1927,FALSE_POSITIVE,0.0186,0.61
1928,FALSE_POSITIVE,0.0337,0.61
1929,FALSE_POSITIVE,0.2284,0.61
1930,FALSE_POSITIVE,0.0021,0.61
1931,FALSE_POSITIVE,0.0357,0.61
1932,FALSE_POSITIVE,0.0094,0.61
1933,FALSE_POSITIVE,0.0867,0.61
1934,FALSE_POSITIVE,0.0031,0.61
1935,FALSE_POSITIVE,0.0106,0.61
1936,FALSE_POSITIVE,0.0664,0.61
1937,FALSE_POSITIVE,0.2587,0.61
1938,FALSE_POSITIVE,0.3931,0.61
1939,FALSE_POSITIVE,0.0278,0.61
1940,FALSE_POSITIVE,0.0079,0.61
1941,FALSE_POSITIVE,0.0087,0.61
1942,FALSE_POSITIVE,0.1973,0.61
1943,FALSE_POSITIVE,0.0129,0.61
1944,FALSE_POSITIVE,0.007,0.61
1945,FALSE_POSITIVE,0.0041,0.61
1946,FALSE_POSITIVE,0.0014,0.61
1947,FALSE_POSITIVE,0.0125,0.61
1948,FALSE_POSITIVE,0.0289,0.61
1949,FALSE_POSITIVE,0.002,0.61
1950,FALSE_POSITIVE,0.0029,0.61
1951,FALSE_POSITIVE,0.0045,0.61
1952,FALSE_POSITIVE,0.1893,0.61
1953,FALSE_POSITIVE,0.0245,0.61
1954,FALSE_POSITIVE,0.2537,0.61
1955,FALSE_POSITIVE,0.0276,0.61
1956,FALSE_POSITIVE,0.0061,0.61
1957,FALSE_POSITIVE,0.1149,0.61
1958,FALSE_POSITIVE,0.0071,0.61
1959,FALSE_POSITIVE,0.0263,0.61
1960,FALSE_POSITIVE,0.2706,0.61
1961,FALSE_POSITIVE,0.0287,0.61
1962,FALSE_POSITIVE,0.0111,0.61
1963,FALSE_POSITIVE,0.0733,0.61
1964,FALSE_POSITIVE,0.0082,0.61
1965,FALSE_POSITIVE,0.2468,0.61
1966,FALSE_POSITIVE,0.413,0.61
1967,FALSE_POSITIVE,0.0052,0.61
1968,FALSE_POSITIVE,0.2488,0.61
1969,FALSE_POSITIVE,0.0014,0.61
1970,FALSE_POSITIVE,0.0173,0.61
1971,FALSE_POSITIVE,0.0091,0.61
1972,FALSE_POSITIVE,0.2805,0.61
1973,FALSE_POSITIVE,0.0114,0.61
1974,FALSE_POSITIVE,0.0477,0.61
1975,FALSE_POSITIVE,0.0154,0.61
1976,FALSE_POSITIVE,0.0053,0.61
