sample_index,actual_class,predicted_probability
0,0,0.16961
1,0,0.002165
2,0,0.007978
3,0,0.001496
4,0,0.031818
5,0,0.008601
6,1,0.989527
7,0,0.007873
8,0,0.587102
9,0,0.022994
10,0,0.002664
11,1,0.991846
12,1,0.884574
13,1,0.992066
14,0,0.0072
15,1,0.895093
16,0,0.015453
17,0,0.040729
18,0,0.001973
19,0,0.00345
20,0,0.024924
21,0,0.00299
22,0,0.015729
23,0,0.004528
24,0,0.446664
25,1,0.950593
26,1,0.204718
27,0,0.001492
28,0,0.005938
29,1,0.567494
30,0,0.014652
31,0,0.921644
32,0,0.006333
33,0,0.01524
34,0,0.022056
35,1,0.97345
36,0,0.005252
37,0,0.833741
38,0,0.726045
39,1,0.989883
40,1,0.870412
41,0,0.001395
42,1,0.983157
43,0,0.045372
44,0,0.000541
45,0,0.007203
46,1,0.996926
47,0,0.015849
48,0,0.010774
49,1,0.996025
50,0,0.001185
51,0,0.014054
52,0,0.001604
53,0,0.915693
54,1,0.986314
55,0,0.018453
56,1,0.966276
57,0,0.00822
58,0,0.005707
59,1,0.988643
60,0,0.447371
61,0,0.004001
62,0,0.000727
63,0,0.007224
64,0,0.060047
65,0,0.001476
66,0,0.003327
67,0,0.003243
68,0,0.002072
69,1,0.75077
70,0,0.003748
71,1,0.969396
72,0,0.033677
73,0,0.023925
74,0,0.008755
75,0,0.658331
76,1,0.907332
77,1,0.966747
78,1,0.998167
79,0,0.002363
80,1,0.998152
81,0,0.094238
82,1,0.980675
83,0,0.002819
84,0,0.000622
85,0,0.00374
86,0,0.025329
87,0,0.419077
88,1,0.6685
89,0,0.006829
90,0,0.002961
91,1,0.962282
92,1,0.820685
93,0,0.005734
94,1,0.995023
95,0,0.913272
96,1,0.962579
97,0,0.052623
98,1,0.963395
99,0,0.002682
100,0,0.147816
101,0,0.002208
102,0,0.365979
103,1,0.450931
104,1,0.222958
105,0,0.023388
106,0,0.970871
107,0,0.08601
108,0,0.008936
109,1,0.971723
110,0,0.001176
111,0,0.003298
112,1,0.803491
113,1,0.9242
114,1,0.961828
115,0,0.018179
116,0,0.004808
117,1,0.987036
118,0,0.781927
119,0,0.002979
120,0,0.000892
121,0,0.019199
122,0,0.043619
123,0,0.042604
124,0,0.006234
125,1,0.896087
126,1,0.926259
127,0,0.007554
128,0,0.022466
129,0,0.010774
130,0,0.064877
131,0,0.004358
132,0,0.02969
133,1,0.655178
134,1,0.982387
135,1,0.912859
136,1,0.917693
137,1,0.922205
138,1,0.990366
139,0,0.007186
140,1,0.994682
141,0,0.005116
142,1,0.784031
143,0,0.008567
144,0,0.113534
145,1,0.918304
146,0,0.005723
147,0,0.002258
148,0,0.1039
149,0,0.001301
150,0,0.345628
151,1,0.961958
152,1,0.992315
153,1,0.981945
154,0,0.57473
155,1,0.984444
156,0,0.928692
157,0,0.010733
158,0,0.003735
159,1,0.998038
160,1,0.981323
161,0,0.001266
162,0,0.001372
163,1,0.907873
164,0,0.348658
165,0,0.003529
166,1,0.77509
167,0,0.004026
168,0,0.212641
169,1,0.986353
170,0,0.002302
171,0,0.389797
172,1,0.979215
173,0,0.005483
174,0,0.117531
175,1,0.995562
176,0,0.002999
177,0,0.528005
178,0,0.007106
179,1,0.991538
180,0,0.127475
181,0,0.062264
182,0,0.029427
183,0,0.003417
184,1,0.895786
185,0,0.009641
186,1,0.764865
187,1,0.986057
188,0,0.012565
189,0,0.005401
190,0,0.005923
191,0,0.002965
192,1,0.987614
193,0,0.057278
194,1,0.207999
195,0,0.007497
196,1,0.917391
197,1,0.860425
198,0,0.005096
199,0,0.211972
200,0,0.075705
201,1,0.961296
202,0,0.003935
203,0,0.022943
204,1,0.907522
205,0,0.00182
206,0,0.014147
207,1,0.973516
208,0,0.002766
209,0,0.011746
210,0,0.002222
211,0,0.00113
212,0,0.00373
213,0,0.001397
214,1,0.751807
215,0,0.02213
216,1,0.955735
217,1,0.934655
218,0,0.462594
219,1,0.948393
220,0,0.013312
221,1,0.213496
222,1,0.965599
223,0,0.011775
224,0,0.276022
225,1,0.972565
226,0,0.045555
227,1,0.995213
228,0,0.403902
229,1,0.830752
230,1,0.964135
231,1,0.984479
232,1,0.843987
233,0,0.001283
234,0,0.001758
235,0,0.964135
236,0,0.011089
237,0,0.002661
238,0,0.034618
239,0,0.001504
240,1,0.973195
241,0,0.001533
242,1,0.951931
243,1,0.994528
244,0,0.011299
245,0,0.087053
246,0,0.009421
247,0,0.019832
248,0,0.018272
249,1,0.992421
250,1,0.081756
251,0,0.071852
252,0,0.007261
253,0,0.002883
254,1,0.93803
255,1,0.910667
256,1,0.968635
257,1,0.729772
258,0,0.007596
259,1,0.98581
260,0,0.008195
261,1,0.805727
262,0,0.881227
263,0,0.006134
264,0,0.069325
265,0,0.001734
266,0,0.010307
267,0,0.003454
268,0,0.013423
269,0,0.010971
270,0,0.00246
271,0,0.024175
272,1,0.466855
273,1,0.897547
274,0,0.006677
275,0,0.431592
276,1,0.762372
277,0,0.005393
278,1,0.77856
279,1,0.980769
280,1,0.76028
281,0,0.001258
282,0,0.004178
283,0,0.00542
284,0,0.848661
285,1,0.99629
286,1,0.781688
287,0,0.008405
288,0,0.000856
289,1,0.233282
290,0,0.001381
291,1,0.778182
292,1,0.91841
293,1,0.906272
294,0,0.004554
295,1,0.995895
296,0,0.006109
297,0,0.00284
298,0,0.014704
299,0,0.008884
300,0,0.001421
301,1,0.968014
302,1,0.909739
303,0,0.003683
304,0,0.000812
305,0,0.004149
306,1,0.766129
307,1,0.673002
308,1,0.996255
309,0,0.00315
310,0,0.006157
311,0,0.009795
312,0,0.002892
313,0,0.235918
314,0,0.004109
315,0,0.001549
316,0,0.002651
317,0,0.00187
318,0,0.059576
319,0,0.002973
320,0,0.00923
321,0,0.007954
322,1,0.994562
323,0,0.028761
324,1,0.971826
325,1,0.979297
326,0,0.121896
327,1,0.934019
328,0,0.008413
329,1,0.978355
330,1,0.987441
331,1,0.990649
332,1,0.836818
333,1,0.995665
334,0,0.000932
335,0,0.380771
336,0,0.425637
337,1,0.832315
338,1,0.985314
339,1,0.97649
340,0,0.01614
341,0,0.027313
342,1,0.527049
343,0,0.266426
344,0,0.014523
345,0,0.003289
346,1,0.993064
347,0,0.162276
348,1,0.972749
349,1,0.995609
350,0,0.00155
351,1,0.942166
352,0,0.062099
353,1,0.948732
354,0,0.071046
355,1,0.995434
356,0,0.386099
357,0,0.002477
358,0,0.00956
359,0,0.006118
360,0,0.253306
361,1,0.994329
362,1,0.992586
363,1,0.849837
364,0,0.002918
365,0,0.014657
366,0,0.042686
367,1,0.883238
368,0,0.027842
369,0,0.001374
370,1,0.992443
371,1,0.986349
372,0,0.671383
373,1,0.974002
374,0,0.001932
375,1,0.907112
376,0,0.003828
377,1,0.795969
378,0,0.015242
379,0,0.001886
380,1,0.982463
381,0,0.00394
382,1,0.995398
383,0,0.00872
384,0,0.060068
385,0,0.004191
386,0,0.598367
387,0,0.026578
388,0,0.187783
389,0,0.476962
390,0,0.002379
391,1,0.951341
392,0,0.007851
393,0,0.046144
394,0,0.003506
395,1,0.992575
396,0,0.002505
397,0,0.015434
398,0,0.003771
399,1,0.977387
400,0,0.311209
401,0,0.001043
402,1,0.978351
403,1,0.771382
404,0,0.032856
405,0,0.000853
406,0,0.002861
407,0,0.00376
408,1,0.981129
409,0,0.876241
410,0,0.008022
411,0,0.003517
412,1,0.992302
413,1,0.987015
414,0,0.00179
415,0,0.044673
416,0,0.00339
417,0,0.046106
418,0,0.198469
419,0,0.015052
420,0,0.030779
421,1,0.890698
422,0,0.00218
423,1,0.796031
424,0,0.023111
425,0,0.004907
426,0,0.002366
427,0,0.002445
428,0,0.01535
429,0,0.003362
430,0,0.024985
431,0,0.007847
432,1,0.981976
433,0,0.017686
434,1,0.99096
435,1,0.995441
436,0,0.003486
437,0,0.185537
438,1,0.969779
439,1,0.995647
440,0,0.03546
441,0,0.004484
442,1,0.972824
443,1,0.397197
444,1,0.816031
445,1,0.97344
446,0,0.017441
447,0,0.006929
448,1,0.741716
449,1,0.982505
450,1,0.842833
451,0,0.020292
452,0,0.001596
453,1,0.885366
454,0,0.215329
455,0,0.088879
456,1,0.968362
457,0,0.002982
458,0,0.100378
459,0,0.033131
460,0,0.014401
461,1,0.908074
462,0,0.013373
463,1,0.991793
464,1,0.993125
465,1,0.967992
466,0,0.141592
467,0,0.025047
468,0,0.931249
469,0,0.002614
470,0,0.997053
471,1,0.836267
472,0,0.006385
473,1,0.981557
474,1,0.942862
475,0,0.453957
476,1,0.454846
477,0,0.016736
478,0,0.001272
479,1,0.904605
480,0,0.001208
481,0,0.116239
482,1,0.99327
483,0,0.003055
484,1,0.997623
485,0,0.128596
486,0,0.042783
487,1,0.995351
488,0,0.014268
489,0,0.007338
490,1,0.92279
491,0,0.004266
492,0,0.327071
493,0,0.002996
494,0,0.000645
495,1,0.009407
496,0,0.428164
497,0,0.007537
498,0,0.022743
499,0,0.109849
500,1,0.0865
501,0,0.193218
502,0,0.911512
503,1,0.979022
504,1,0.994905
505,0,0.003304
506,0,0.005234
507,0,0.180245
508,1,0.992299
509,0,0.001805
510,0,0.029574
511,0,0.002117
512,0,0.01259
513,0,0.001882
514,1,0.974934
515,0,0.002784
516,0,0.002259
517,0,0.051583
518,0,0.001565
519,1,0.989159
520,0,0.001827
521,0,0.046992
522,0,0.003416
523,0,0.046169
524,1,0.986329
525,0,0.001179
526,0,0.044515
527,1,0.988688
528,1,0.900419
529,0,0.029691
530,0,0.529745
531,0,0.955859
532,0,0.002851
533,1,0.601889
534,0,0.023499
535,0,0.002575
536,1,0.97132
537,1,0.991942
538,0,0.010493
539,0,0.017978
540,0,0.005191
541,1,0.996901
542,1,0.878237
543,0,0.000928
544,1,0.938673
545,1,0.99093
546,0,0.837105
547,0,0.003739
548,0,0.020554
549,0,0.030542
550,0,0.02012
551,0,0.008918
552,0,0.00344
553,0,0.002559
554,0,0.001055
555,1,0.995841
556,1,0.895741
557,1,0.992758
558,0,0.001205
559,0,0.035994
560,0,0.758376
561,0,0.171993
562,0,0.000958
563,0,0.005148
564,1,0.788234
565,0,0.016376
566,1,0.997618
567,1,0.980305
568,1,0.984873
569,0,0.003095
570,0,0.048591
571,1,0.345386
572,1,0.510212
573,0,0.000404
574,0,0.89531
575,1,0.990421
576,0,0.011495
577,0,0.994115
578,0,0.001899
579,0,0.002092
580,0,0.006158
581,0,0.056655
582,0,0.037081
583,0,0.000849
584,0,0.037028
585,1,0.996492
586,0,0.00826
587,1,0.891131
588,1,0.915978
589,0,0.005621
590,0,0.002467
591,0,0.001488
592,1,0.911719
593,0,0.831579
594,0,0.631485
595,0,0.107096
596,0,0.382338
597,1,0.998604
598,1,0.838215
599,0,0.001997
600,1,0.976806
601,1,0.988983
602,0,0.000881
603,1,0.995687
604,0,0.081878
605,1,0.97086
606,0,0.001035
607,0,0.006907
608,0,0.023328
609,0,0.001777
610,1,0.261947
611,0,0.006071
612,1,0.997338
613,0,0.00323
614,0,0.001074
615,0,0.004188
616,1,0.054167
617,0,0.019763
618,0,0.001732
619,0,0.017465
620,0,0.135632
621,1,0.963704
622,0,0.000424
623,0,0.002715
624,0,0.008593
625,0,0.002803
626,1,0.062315
627,0,0.001487
628,1,0.983964
629,0,0.961528
630,1,0.903968
631,0,0.007316
632,1,0.971765
633,1,0.996499
634,1,0.99733
635,1,0.978383
636,1,0.990879
637,0,0.009773
638,0,0.014465
639,1,0.454063
640,0,0.002616
641,0,0.003809
642,0,0.003117
643,0,0.004684
644,0,0.115884
645,1,0.601581
646,0,0.002089
647,0,0.004574
648,1,0.93926
649,1,0.797876
650,0,0.003074
651,0,0.008744
652,1,0.985542
653,1,0.972344
654,0,0.002405
655,0,0.001246
656,0,0.693689
657,1,0.98776
658,0,0.010623
659,0,0.007157
660,1,0.994428
661,0,0.001528
662,1,0.913243
663,0,0.036299
664,1,0.943377
665,0,0.001743
666,0,0.003555
667,0,0.007999
668,0,0.008619
669,1,0.824409
670,0,0.026138
671,0,0.577048
672,1,0.994192
673,0,0.009643
674,0,0.004537
675,0,0.000549
676,1,0.933514
677,0,0.007719
678,0,0.010345
679,0,0.002572
680,0,0.00704
681,1,0.965979
682,1,0.966662
683,0,0.001403
684,0,0.004651
685,1,0.964758
686,1,0.844074
687,0,0.010373
688,1,0.904898
689,1,0.971049
690,1,0.972583
691,1,0.958051
692,1,0.9964
693,1,0.908872
694,0,0.19142
695,0,0.001725
696,1,0.950229
697,1,0.960793
698,0,0.001881
699,1,0.892533
700,1,0.992422
701,0,0.001142
702,0,0.004092
703,0,0.001839
704,0,0.007538
705,0,0.052516
706,0,0.01966
707,0,0.003587
708,1,0.929519
709,1,0.995467
710,1,0.988578
711,1,0.939291
712,1,0.991792
713,0,0.013103
714,0,0.001814
715,1,0.97736
716,0,0.633441
717,0,0.006227
718,1,0.96512
719,0,0.005949
720,0,0.123517
721,0,0.002677
722,0,0.0019
723,0,0.008227
724,1,0.988044
725,1,0.829809
726,0,0.450469
727,0,0.0036
728,0,0.008632
729,0,0.001757
730,0,0.005693
731,0,0.00132
732,0,0.05902
733,0,0.003782
734,0,0.00356
735,1,0.973407
736,0,0.006395
737,0,0.004149
738,1,0.866212
739,0,0.017453
740,0,0.009983
741,1,0.979754
742,1,0.746063
743,0,0.007685
744,0,0.002058
745,0,0.919718
746,0,0.010265
747,1,0.987283
748,1,0.98593
749,0,0.116946
750,1,0.989036
751,0,0.00219
752,0,0.864874
753,0,0.002609
754,0,0.200128
755,0,0.00951
756,0,0.007717
757,1,0.990049
758,0,0.591795
759,0,0.043663
760,0,0.00303
761,0,0.609325
762,0,0.002357
763,1,0.978466
764,1,0.906436
765,0,0.09865
766,0,0.007017
767,0,0.257664
768,0,0.031846
769,0,0.062807
770,0,0.013394
771,0,0.001792
772,0,0.027069
773,1,0.966068
774,0,0.001697
775,0,0.003908
776,0,0.000838
777,0,0.014447
778,1,0.981067
779,0,0.02443
780,0,0.103053
781,0,0.008149
782,0,0.532726
783,0,0.001408
784,0,0.002766
785,0,0.010695
786,0,0.960386
787,0,0.307339
788,0,0.002667
789,1,0.51076
790,0,0.003885
791,0,0.000772
792,1,0.934164
793,0,0.355278
794,0,0.020438
795,1,0.989238
796,1,0.968446
797,0,0.001344
798,0,0.022292
799,0,0.0042
800,0,0.005699
801,1,0.8519
802,0,0.025727
803,0,0.117107
804,0,0.002331
805,0,0.011281
806,0,0.01459
807,0,0.007836
808,1,0.955499
809,1,0.815142
810,0,0.014125
811,0,0.0034
812,0,0.0057
813,1,0.599614
814,0,0.001035
815,1,0.990574
816,0,0.002215
817,0,0.001778
818,0,0.005382
819,1,0.974801
820,0,0.0044
821,1,0.989689
822,1,0.849593
823,0,0.001246
824,0,0.006634
825,0,0.787618
826,1,0.970457
827,0,0.004852
828,0,0.031418
829,0,0.009373
830,0,0.001805
831,0,0.01115
832,0,0.908103
833,1,0.625102
834,0,0.007638
835,0,0.607822
836,0,0.15788
837,0,0.038608
838,0,0.004563
839,1,0.873539
840,0,0.039482
841,0,0.00164
842,1,0.117057
843,1,0.939614
844,0,0.971293
845,0,0.025002
846,1,0.980266
847,1,0.992717
848,0,0.063733
849,1,0.986479
850,1,0.994972
851,0,0.004601
852,1,0.726141
853,1,0.995671
854,0,0.639195
855,0,0.242807
856,0,0.003054
857,1,0.971733
858,1,0.985903
859,0,0.029524
860,0,0.008094
861,0,0.068438
862,1,0.979457
863,0,0.232701
864,0,0.002007
865,0,0.007923
866,1,0.880969
867,0,0.00119
868,0,0.013065
869,1,0.984731
870,0,0.633837
871,0,0.007852
872,0,0.006307
873,1,0.987901
874,0,0.01072
875,0,0.00177
876,0,0.004197
877,0,0.003551
878,0,0.187188
879,0,0.103524
880,1,0.830196
881,0,0.383356
882,1,0.994641
883,0,0.00215
884,0,0.010506
885,0,0.003214
886,1,0.970847
887,0,0.014691
888,1,0.957699
889,0,0.018497
890,1,0.908672
891,1,0.992387
892,0,0.004164
893,0,0.001771
894,0,0.006056
895,0,0.027599
896,1,0.975544
897,1,0.988551
898,1,0.926255
899,0,0.027635
900,1,0.985012
901,0,0.000716
902,1,0.98453
903,0,0.043138
904,0,0.003395
905,0,0.001709
906,1,0.986153
907,0,0.171481
908,0,0.007739
909,1,0.942117
910,1,0.977933
911,0,0.002667
912,1,0.991683
913,1,0.913397
914,1,0.909591
915,0,0.051355
916,0,0.015103
917,1,0.981631
918,0,0.354196
919,0,0.001335
920,0,0.071346
921,0,0.894719
922,0,0.028612
923,0,0.03289
924,0,0.015925
925,1,0.99524
926,0,0.080927
927,1,0.967552
928,1,0.861751
929,0,0.308749
930,0,0.001997
931,0,0.022812
932,0,0.004706
933,0,0.007547
934,0,0.011529
935,1,0.681471
936,1,0.914416
937,0,0.007081
938,1,0.996736
939,0,0.012631
940,1,0.066868
941,0,0.073128
942,1,0.670748
943,0,0.003176
944,0,0.001873
945,0,0.006327
946,0,0.152319
947,0,0.002369
948,0,0.379112
949,0,0.294905
950,0,0.055087
951,0,0.002909
952,1,0.992068
953,0,0.002174
954,1,0.239882
955,0,0.000604
956,1,0.929645
957,0,0.506524
958,0,0.016539
959,1,0.968623
960,0,0.007075
961,0,0.002597
962,0,0.13378
963,0,0.001551
964,0,0.010773
965,0,0.004941
966,0,0.002075
967,0,0.007339
968,0,0.001434
969,1,0.9816
970,0,0.085202
971,1,0.949283
972,0,0.072813
973,1,0.944653
974,1,0.986427
975,0,0.002181
976,0,0.047492
977,0,0.00116
978,0,0.003264
979,0,0.865044
980,1,0.931655
981,1,0.963036
982,0,0.048789
983,0,0.226239
984,0,0.014756
985,0,0.001354
986,1,0.926472
987,0,0.029211
988,1,0.980926
989,0,0.012518
990,0,0.000886
991,1,0.894367
992,0,0.115613
993,1,0.948592
994,0,0.003756
995,1,0.941681
996,1,0.989148
997,0,0.001187
998,0,0.009954
999,1,0.312096
1000,0,0.004029
1001,0,0.008114
1002,1,0.997599
1003,0,0.032199
1004,1,0.961671
1005,0,0.005272
1006,1,0.965369
1007,1,0.929575
1008,0,0.002465
1009,0,0.040705
1010,0,0.002591
1011,0,0.009529
1012,1,0.998115
1013,0,0.003429
1014,0,0.006361
1015,0,0.004951
1016,1,0.989258
1017,0,0.001311
1018,1,0.821216
1019,0,0.163695
1020,0,0.003209
1021,0,0.00518
1022,0,0.005717
1023,0,0.176811
1024,0,0.003072
1025,1,0.984337
1026,0,0.176653
1027,1,0.988672
1028,0,0.002593
1029,1,0.980136
1030,0,0.001816
1031,0,0.006315
1032,1,0.973526
1033,0,0.00993
1034,0,0.002551
1035,1,0.947965
1036,0,0.005776
1037,0,0.039857
1038,1,0.996064
1039,0,0.001892
1040,0,0.013636
1041,1,0.99712
1042,0,0.005285
1043,1,0.656288
1044,0,0.002619
1045,0,0.263296
1046,0,0.489391
1047,0,0.808613
1048,0,0.00057
1049,0,0.081171
1050,0,0.013777
1051,0,0.001671
1052,1,0.992711
1053,0,0.009097
1054,0,0.008672
1055,0,0.006314
1056,0,0.527931
1057,0,0.002109
1058,0,0.010784
1059,1,0.996453
1060,0,0.295319
1061,0,0.003938
1062,0,0.057936
1063,0,0.009742
1064,0,0.006689
1065,0,0.641744
1066,0,0.024909
1067,0,0.007926
1068,0,0.000995
1069,1,0.893507
1070,1,0.988987
1071,1,0.959234
1072,0,0.005058
1073,0,0.002611
1074,0,0.006167
1075,1,0.990404
1076,0,0.001645
1077,1,0.727809
1078,0,0.001633
1079,0,0.007566
1080,1,0.981941
1081,0,0.000877
1082,1,0.990671
1083,0,0.004021
1084,1,0.992315
1085,1,0.978155
1086,0,0.003805
1087,1,0.926065
1088,0,0.002532
1089,0,0.065021
1090,1,0.904713
1091,1,0.995637
1092,1,0.811372
1093,1,0.994921
1094,0,0.017046
1095,0,0.004027
1096,0,0.951467
1097,0,0.260116
1098,1,0.889868
1099,0,0.001484
1100,0,0.002002
1101,1,0.989513
1102,0,0.006063
1103,1,0.885394
1104,0,0.001592
1105,0,0.050932
1106,0,0.003241
1107,0,0.001347
1108,0,0.006997
1109,0,0.006728
1110,1,0.989389
1111,0,0.151258
1112,0,0.003041
1113,1,0.98932
1114,0,0.004184
1115,0,0.095904
1116,0,0.039946
1117,0,0.02458
1118,0,0.488001
1119,1,0.991479
1120,0,0.007108
1121,0,0.007023
1122,0,0.099378
1123,1,0.957255
1124,1,0.708719
1125,0,0.003449
1126,1,0.984274
1127,1,0.940465
1128,1,0.942004
1129,1,0.974876
1130,0,0.002001
1131,0,0.001447
1132,0,0.004353
1133,1,0.979277
1134,1,0.964858
1135,0,0.042532
1136,1,0.992628
1137,1,0.996465
1138,0,0.017118
1139,1,0.926432
1140,0,0.002047
1141,0,0.007952
1142,0,0.001992
1143,1,0.992544
1144,0,0.005176
1145,0,0.004549
1146,1,0.862651
1147,1,0.624724
1148,0,0.114851
1149,0,0.001106
1150,0,0.030225
1151,0,0.012626
1152,0,0.004593
1153,0,0.001511
1154,0,0.001564
1155,0,0.060628
1156,0,0.05182
1157,0,0.01332
1158,0,0.001076
1159,0,0.658038
1160,0,0.011312
1161,0,0.006074
1162,0,0.000901
1163,0,0.001212
1164,1,0.959279
1165,1,0.977264
1166,0,0.052564
1167,0,0.002959
1168,0,0.994083
1169,0,0.135689
1170,0,0.939833
1171,0,0.008237
1172,1,0.964643
1173,0,0.04149
1174,0,0.027592
1175,1,0.937127
1176,0,0.012389
1177,1,0.98699
1178,0,0.004581
1179,0,0.012873
1180,0,0.000899
1181,0,0.289283
1182,0,0.078546
1183,0,0.00387
1184,0,0.003425
1185,1,0.986134
1186,0,0.005625
1187,0,0.002338
1188,0,0.243973
1189,0,0.003772
1190,1,0.975372
1191,0,0.011994
1192,1,0.951249
1193,0,0.033246
1194,0,0.866726
1195,1,0.996137
1196,0,0.020817
1197,0,0.002139
1198,1,0.996707
1199,0,0.010133
1200,0,0.006519
1201,1,0.700154
1202,0,0.002928
1203,0,0.024792
1204,1,0.979289
1205,0,0.014809
1206,0,0.006304
1207,0,0.04679
1208,0,0.004916
1209,0,0.227257
1210,0,0.02591
1211,0,0.046423
1212,0,0.023661
1213,1,0.992572
1214,0,0.08849
1215,0,0.002144
1216,1,0.992411
1217,0,0.002755
1218,0,0.006666
1219,0,0.009982
1220,0,0.033451
1221,0,0.026023
1222,0,0.001831
1223,1,0.978095
1224,0,0.011268
1225,0,0.006806
1226,0,0.021676
1227,0,0.199114
1228,1,0.128608
1229,0,0.639424
1230,1,0.913749
1231,1,0.954671
1232,0,0.103245
1233,0,0.129099
1234,0,0.01198
1235,0,0.007145
1236,0,0.101029
1237,0,0.002525
1238,0,0.00197
1239,0,0.032629
1240,0,0.386229
1241,1,0.96652
1242,0,0.023168
1243,0,0.057755
1244,1,0.986413
1245,0,0.039802
1246,0,0.064315
1247,0,0.002562
1248,0,0.003028
1249,1,0.989626
1250,1,0.98857
1251,0,0.518915
1252,0,0.022754
1253,0,0.507771
1254,0,0.002265
1255,1,0.871113
1256,1,0.989625
1257,1,0.964517
1258,0,0.014685
1259,0,0.004635
1260,1,0.995754
1261,0,0.00738
1262,0,0.001515
1263,0,0.02022
1264,0,0.805072
1265,1,0.98982
1266,0,0.044999
1267,0,0.603879
1268,1,0.991639
1269,1,0.994786
1270,0,0.005823
1271,1,0.870604
1272,0,0.004649
1273,1,0.122288
1274,1,0.992414
1275,0,0.00151
1276,1,0.91384
1277,1,0.767644
1278,0,0.005738
1279,1,0.988384
1280,0,0.008598
1281,0,0.03794
1282,1,0.967181
1283,1,0.740945
1284,0,0.006564
1285,0,0.006558
1286,0,0.002311
1287,1,0.962521
1288,1,0.997795
1289,1,0.592248
1290,1,0.959734
1291,1,0.974767
1292,1,0.971159
1293,0,0.000827
1294,1,0.981695
1295,0,0.002277
1296,1,0.951241
1297,0,0.020401
1298,1,0.980305
1299,0,0.008514
1300,0,0.136832
1301,0,0.092151
1302,0,0.003049
1303,1,0.997849
1304,0,0.006482
1305,1,0.773229
1306,0,0.001178
1307,0,0.005109
1308,1,0.958753
1309,1,0.927731
1310,0,0.00229
1311,0,0.004709
1312,0,0.006937
1313,1,0.95632
1314,1,0.990476
1315,0,0.085767
1316,0,0.004388
1317,0,0.125498
1318,1,0.965578
1319,0,0.019704
1320,0,0.01138
1321,0,0.327466
1322,1,0.965644
1323,0,0.029064
1324,0,0.007422
1325,1,0.989182
1326,1,0.329053
1327,1,0.974548
1328,1,0.939412
1329,0,0.003378
1330,1,0.973839
1331,1,0.978262
1332,0,0.024087
1333,0,0.014813
1334,1,0.992497
1335,1,0.993408
1336,0,0.009131
1337,0,0.007691
1338,1,0.99391
1339,1,0.844042
1340,0,0.096947
1341,0,0.012611
1342,0,0.471883
1343,0,0.052482
1344,1,0.458946
1345,1,0.994587
1346,0,0.02356
1347,0,0.014397
1348,0,0.000405
1349,0,0.010322
1350,0,0.005555
1351,0,0.011697
1352,1,0.974228
1353,0,0.002563
1354,0,0.007985
1355,0,0.005674
1356,0,0.00142
1357,1,0.994958
1358,1,0.917473
1359,0,0.094064
1360,0,0.00469
1361,1,0.993186
1362,1,0.969046
1363,0,0.006759
1364,0,0.001121
1365,1,0.97463
1366,0,0.006875
1367,0,0.015454
1368,1,0.715118
1369,1,0.967759
1370,0,0.079898
1371,1,0.994895
1372,0,0.025838
1373,0,0.017631
1374,0,0.020683
1375,1,0.970706
1376,0,0.001844
1377,1,0.941505
1378,0,0.004799
1379,0,0.099539
1380,0,0.013067
1381,0,0.001583
1382,0,0.000878
1383,1,0.996684
1384,0,0.002347
1385,0,0.577726
1386,1,0.533532
1387,0,0.001055
1388,0,0.025305
1389,0,0.043478
1390,1,0.984785
1391,0,0.005396
1392,1,0.670679
1393,0,0.100358
1394,0,0.002143
1395,0,0.002901
1396,0,0.002114
1397,0,0.006452
1398,0,0.174931
1399,1,0.94989
1400,0,0.283678
1401,1,0.997723
1402,0,0.042413
1403,0,0.009473
1404,1,0.136223
1405,1,0.930724
1406,0,0.904677
1407,0,0.006389
1408,0,0.003725
1409,0,0.001196
1410,1,0.965431
1411,1,0.942465
1412,1,0.987712
1413,0,0.013787
1414,1,0.872453
1415,0,0.006727
1416,1,0.580529
1417,1,0.03721
1418,0,0.164756
1419,0,0.001323
1420,0,0.005474
1421,0,0.002753
1422,0,0.010394
1423,0,0.003895
1424,0,0.015523
1425,1,0.974509
1426,0,0.004057
1427,0,0.025037
1428,0,0.004377
1429,0,0.003322
1430,0,0.003578
1431,1,0.882937
1432,1,0.327492
1433,1,0.882155
1434,0,0.008037
1435,0,0.390434
1436,1,0.637262
1437,1,0.506239
1438,1,0.993163
1439,1,0.92255
1440,0,0.010045
1441,1,0.96239
1442,0,0.000874
1443,0,0.061115
1444,0,0.232583
1445,0,0.002384
1446,0,0.005785
1447,0,0.004329
1448,0,0.009567
1449,1,0.348042
1450,0,0.101591
1451,0,0.487133
1452,0,0.032376
1453,0,0.052447
1454,0,0.01303
1455,1,0.984328
1456,0,0.002001
1457,0,0.005691
1458,1,0.990177
1459,0,0.011054
1460,1,0.030027
1461,0,0.017556
1462,1,0.680438
1463,0,0.076633
1464,1,0.989827
1465,1,0.833781
1466,0,0.005142
1467,1,0.962612
1468,0,0.178404
1469,1,0.9645
1470,1,0.927652
1471,0,0.133419
1472,0,0.001088
1473,0,0.010123
1474,1,0.75337
1475,1,0.99048
1476,0,0.008685
1477,0,0.001743
1478,0,0.006613
1479,0,0.011259
1480,0,0.004826
1481,1,0.841812
1482,0,0.002416
1483,0,0.064828
1484,0,0.007212
1485,0,0.214831
1486,0,0.004824
1487,1,0.874775
1488,0,0.964782
1489,0,0.00309
1490,0,0.1361
1491,1,0.959394
1492,0,0.019209
1493,0,0.001802
1494,1,0.991374
1495,0,0.004829
1496,0,0.000868
1497,0,0.068181
1498,1,0.971947
1499,0,0.080711
1500,0,0.001169
1501,0,0.039448
1502,1,0.902321
1503,1,0.963265
1504,0,0.057566
1505,0,0.033036
1506,0,0.024842
1507,1,0.329602
1508,0,0.002985
1509,0,0.003768
1510,0,0.003914
1511,0,0.012722
1512,1,0.97305
1513,0,0.011147
1514,1,0.951132
1515,0,0.002233
1516,0,0.00319
1517,1,0.965644
1518,1,0.840892
1519,0,0.688679
1520,0,0.003025
1521,0,0.002765
1522,0,0.002799
1523,0,0.002854
1524,1,0.813519
1525,0,0.006265
1526,0,0.01254
1527,1,0.08194
1528,0,0.006088
1529,0,0.192889
1530,1,0.878521
1531,0,0.151547
1532,0,0.061983
1533,1,0.937812
1534,0,0.01361
1535,0,0.00987
1536,0,0.004487
1537,0,0.38732
1538,1,0.984742
1539,0,0.978836
1540,0,0.004574
1541,0,0.001198
1542,1,0.164171
1543,1,0.98386
1544,1,0.996817
1545,1,0.990466
1546,0,0.006036
1547,0,0.009636
1548,1,0.958199
1549,1,0.559905
1550,0,0.06822
1551,1,0.994814
1552,1,0.172862
1553,0,0.023186
1554,0,0.597268
1555,1,0.940083
1556,0,0.200432
1557,1,0.354198
1558,0,0.406887
1559,0,0.00271
1560,1,0.989453
1561,0,0.003167
1562,0,0.007609
1563,1,0.989043
1564,0,0.005792
1565,0,0.001108
1566,0,0.003428
1567,0,0.003738
1568,0,0.003754
1569,0,0.01235
1570,0,0.056327
1571,0,0.358662
1572,1,0.18754
1573,0,0.002837
1574,0,0.002694
1575,0,0.00459
1576,0,0.000812
1577,1,0.958386
1578,1,0.992023
1579,1,0.88929
1580,1,0.974497
1581,0,0.001186
1582,0,0.068847
1583,1,0.989132
1584,0,0.163193
1585,0,0.001506
1586,0,0.008517
1587,1,0.970086
1588,0,0.648418
1589,0,0.102047
1590,1,0.450622
1591,0,0.002867
1592,0,0.003692
1593,0,0.002316
1594,1,0.994947
1595,0,0.001913
1596,1,0.989187
1597,0,0.006212
1598,1,0.955701
1599,1,0.995165
1600,0,0.010171
1601,1,0.948184
1602,1,0.980349
1603,0,0.005663
1604,0,0.004353
1605,1,0.990951
1606,1,0.866262
1607,0,0.002315
1608,1,0.939243
1609,1,0.989005
1610,1,0.994785
1611,0,0.081753
1612,0,0.004919
1613,1,0.834774
1614,0,0.003321
1615,1,0.984773
1616,0,0.004436
1617,0,0.002429
1618,0,0.933509
1619,0,0.041434
1620,0,0.013987
1621,1,0.931194
1622,0,0.044161
1623,1,0.943655
1624,0,0.008755
1625,1,0.993298
1626,0,0.012924
1627,0,0.003118
1628,0,0.002716
1629,0,0.026145
1630,0,0.05221
1631,0,0.612587
1632,1,0.962745
1633,0,0.002218
1634,1,0.976142
1635,0,0.010136
1636,1,0.989934
1637,1,0.991275
1638,1,0.701419
1639,1,0.986463
1640,1,0.986757
1641,1,0.984348
1642,0,0.905853
1643,0,0.007429
1644,0,0.026534
1645,0,0.000751
1646,0,0.004816
1647,1,0.975304
1648,1,0.955457
1649,0,0.002474
1650,1,0.966054
1651,0,0.006326
1652,0,0.008981
1653,1,0.981612
1654,0,0.106103
1655,0,0.039834
1656,1,0.948236
1657,1,0.935689
1658,0,0.00486
1659,0,0.001677
1660,0,0.002033
1661,0,0.049463
1662,0,0.016905
1663,1,0.740967
1664,0,0.001731
1665,0,0.002391
1666,0,0.001985
1667,0,0.678639
1668,1,0.654925
1669,0,0.00261
1670,0,0.002007
1671,0,0.736835
1672,1,0.19022
1673,1,0.964735
1674,1,0.922382
1675,0,0.141981
1676,0,0.002087
1677,1,0.996731
1678,0,0.012208
1679,0,0.00494
1680,1,0.968507
1681,0,0.002687
1682,0,0.615197
1683,0,0.057626
1684,0,0.301915
1685,1,0.936236
1686,0,0.206616
1687,0,0.049076
1688,0,0.005435
1689,1,0.981394
1690,0,0.55665
1691,1,0.106445
1692,0,0.004238
1693,0,0.022971
1694,1,0.128411
1695,1,0.949896
1696,0,0.017803
1697,1,0.992236
1698,0,0.001892
1699,1,0.991634
1700,1,0.95635
1701,0,0.021089
1702,0,0.016474
1703,0,0.236733
1704,0,0.120632
1705,0,0.00965
1706,0,0.001574
1707,0,0.000598
1708,1,0.996201
1709,0,0.074053
1710,0,0.856773
1711,0,0.002724
1712,0,0.269887
1713,0,0.323294
1714,0,0.003801
1715,1,0.988837
1716,1,0.990793
1717,0,0.957492
1718,0,0.034173
1719,0,0.00291
1720,0,0.05179
1721,0,0.018113
1722,0,0.019704
1723,1,0.945291
1724,0,0.031365
1725,1,0.878004
1726,0,0.039787
1727,0,0.027827
1728,0,0.010412
1729,0,0.00069
1730,0,0.03492
1731,1,0.027926
1732,1,0.982236
1733,0,0.001419
1734,1,0.99439
1735,1,0.9872
1736,1,0.294519
1737,1,0.993245
1738,0,0.096777
1739,0,0.0073
1740,0,0.003792
1741,0,0.001243
1742,1,0.917063
1743,0,0.003046
1744,0,0.013105
1745,0,0.006037
1746,0,0.632711
1747,0,0.001323
1748,0,0.005149
1749,0,0.002148
1750,0,0.001655
1751,0,0.001623
1752,0,0.005918
1753,1,0.975864
1754,1,0.23515
1755,0,0.010222
1756,0,0.200904
1757,1,0.760389
1758,1,0.808378
1759,0,0.003814
1760,0,0.000617
1761,0,0.042064
1762,0,0.183169
1763,1,0.980448
1764,1,0.164535
1765,0,0.015667
1766,0,0.016579
1767,0,0.146156
1768,0,0.010395
1769,0,0.002551
1770,1,0.836767
1771,1,0.970335
1772,1,0.994618
1773,0,0.005714
1774,0,0.017626
1775,1,0.997879
1776,1,0.983133
1777,0,0.003168
1778,1,0.986108
1779,1,0.806943
1780,0,0.013284
1781,0,0.001808
1782,1,0.975859
1783,1,0.841078
1784,0,0.218093
1785,0,0.016882
1786,0,0.001275
1787,1,0.587596
1788,1,0.993596
1789,0,0.00631
1790,1,0.981318
1791,0,0.112405
1792,0,0.003101
1793,1,0.960552
1794,1,0.93434
1795,1,0.85923
1796,0,0.307102
1797,1,0.657639
1798,0,0.005396
1799,0,0.014829
1800,1,0.998016
1801,1,0.961443
1802,0,0.005776
1803,0,0.0093
1804,0,0.188485
1805,0,0.004413
1806,1,0.975335
1807,0,0.000776
1808,0,0.005652
1809,1,0.992929
1810,1,0.974706
1811,1,0.945744
1812,1,0.994117
1813,0,0.004237
1814,1,0.950134
1815,0,0.003793
1816,0,0.34346
1817,0,0.011753
1818,1,0.949364
1819,0,0.026596
1820,0,0.035326
1821,1,0.750821
1822,1,0.996511
1823,1,0.973596
1824,1,0.921612
1825,1,0.990277
1826,0,0.146054
1827,0,0.335598
1828,0,0.002997
1829,0,0.00162
1830,0,0.013055
1831,0,0.004339
1832,1,0.939038
1833,1,0.99785
1834,0,0.169766
1835,0,0.002415
1836,0,0.004211
1837,1,0.86271
1838,0,0.003204
1839,0,0.001655
1840,1,0.994929
1841,1,0.987418
1842,0,0.001282
1843,0,0.013681
1844,0,0.000884
1845,1,0.98928
1846,0,0.006579
1847,1,0.996912
1848,0,0.002175
1849,0,0.102866
1850,0,0.004561
1851,0,0.001633
1852,1,0.982234
1853,0,0.031598
1854,0,0.022095
1855,0,0.00897
1856,0,0.062528
1857,1,0.992089
1858,0,0.750527
1859,0,0.015945
1860,1,0.977407
1861,1,0.956328
1862,1,0.90539
1863,0,0.034296
1864,1,0.994989
1865,0,0.137782
1866,0,0.00979
1867,0,0.005007
1868,1,0.988391
1869,1,0.98826
1870,1,0.94345
1871,1,0.995321
1872,1,0.051948
1873,1,0.98749
1874,0,0.007471
1875,1,0.991526
1876,0,0.003192
1877,1,0.958911
1878,1,0.995242
1879,0,0.000767
1880,0,0.004032
1881,0,0.006949
1882,0,0.005303
1883,0,0.003636
1884,0,0.002898
1885,1,0.964194
1886,1,0.903533
1887,1,0.749818
1888,0,0.006543
1889,0,0.016301
1890,0,0.006999
1891,0,0.004239
1892,1,0.980289
1893,0,0.489681
1894,0,0.004139
1895,0,0.011013
1896,1,0.870782
1897,0,0.007101
1898,0,0.005523
1899,1,0.032932
1900,0,0.010377
1901,1,0.964851
1902,0,0.00318
1903,0,0.864931
1904,0,0.37153
1905,0,0.815593
1906,0,0.00887
1907,1,0.997628
1908,1,0.837307
1909,1,0.985816
1910,0,0.002369
1911,0,0.002625
1912,1,0.990894
1913,1,0.929839
1914,1,0.997353
1915,0,0.007314
1916,0,0.006296
1917,0,0.009394
1918,0,0.83983
1919,1,0.61368
1920,0,0.00257
1921,1,0.931551
1922,1,0.993331
1923,0,0.107799
1924,0,0.004368
1925,0,0.01446
1926,0,0.174142
1927,0,0.682443
1928,0,0.006863
1929,1,0.995801
1930,1,0.55755
1931,0,0.001869
1932,0,0.034828
1933,0,0.341737
1934,1,0.991961
1935,0,0.006471
1936,1,0.974487
1937,1,0.981816
1938,1,0.791139
1939,0,0.03057
1940,1,0.982986
1941,0,0.010774
1942,0,0.091022
1943,1,0.960422
1944,1,0.912811
1945,1,0.995942
1946,1,0.993391
1947,0,0.018887
1948,0,0.002977
1949,1,0.994194
1950,0,0.012018
1951,0,0.322023
1952,0,0.001384
1953,1,0.997565
1954,1,0.952383
1955,0,0.010415
1956,1,0.488393
1957,0,0.002878
1958,0,0.001871
1959,0,0.062565
1960,1,0.692827
1961,1,0.960698
1962,0,0.219748
1963,0,0.934533
1964,0,0.001864
1965,1,0.172778
1966,0,0.013959
1967,0,0.019217
1968,1,0.985655
1969,0,0.371327
1970,1,0.995611
1971,0,0.002866
1972,1,0.929704
1973,1,0.978803
1974,1,0.904302
1975,0,0.001445
1976,0,0.030647
1977,1,0.979941
1978,1,0.948369
1979,0,0.00469
1980,1,0.97673
1981,0,0.113661
1982,0,0.089053
1983,0,0.029297
1984,0,0.001655
1985,0,0.013333
1986,0,0.000579
1987,0,0.636905
1988,0,0.001347
1989,1,0.967297
1990,0,0.038389
1991,0,0.159647
1992,0,0.016316
1993,0,0.000432
1994,0,0.005951
1995,0,0.009191
1996,0,0.001804
1997,0,0.033806
1998,0,0.005619
1999,0,0.049687
2000,0,0.001994
2001,1,0.991878
2002,1,0.996404
2003,0,0.348575
2004,0,0.008941
2005,0,0.00228
2006,0,0.039652
2007,0,0.00828
2008,1,0.975366
2009,0,0.014812
2010,1,0.810562
2011,0,0.063027
2012,1,0.994447
2013,0,0.017337
2014,1,0.291432
2015,1,0.989949
2016,1,0.743186
2017,1,0.94932
2018,0,0.002645
2019,0,0.003696
2020,0,0.003833
2021,0,0.003541
2022,1,0.879795
2023,0,0.1038
2024,0,0.003453
2025,0,0.387567
2026,0,0.012686
2027,1,0.970071
2028,0,0.863712
2029,1,0.985999
2030,0,0.0119
2031,1,0.225462
2032,1,0.036274
2033,0,0.002171
2034,0,0.003897
2035,0,0.905595
2036,1,0.986147
2037,0,0.001386
2038,0,0.006175
2039,0,0.007094
2040,1,0.987932
2041,0,0.005319
2042,0,0.021251
2043,0,0.000751
2044,1,0.912207
2045,1,0.962098
2046,1,0.919708
2047,0,0.001578
2048,1,0.996266
2049,1,0.765423
2050,0,0.004833
2051,0,0.029361
2052,0,0.023288
2053,0,0.940595
2054,0,0.568503
2055,1,0.184977
2056,0,0.001606
2057,1,0.188671
2058,0,0.001535
2059,0,0.003401
2060,0,0.001735
2061,0,0.472499
2062,0,0.095449
2063,0,0.001396
2064,1,0.974895
2065,1,0.813451
2066,0,0.00374
2067,0,0.000579
2068,0,0.00785
2069,1,0.98329
2070,0,0.004226
2071,0,0.001898
2072,1,0.802611
2073,0,0.008873
2074,1,0.962093
2075,0,0.003449
2076,1,0.949128
2077,0,0.02484
2078,0,0.012018
2079,0,0.002615
2080,0,0.000805
2081,0,0.162514
2082,0,0.131568
2083,0,0.238483
2084,0,0.006685
2085,0,0.011219
2086,0,0.382706
2087,0,0.001533
2088,0,0.001325
2089,1,0.986328
2090,1,0.97925
2091,1,0.967155
2092,0,0.001627
2093,0,0.001894
2094,1,0.871004
2095,0,0.102439
2096,1,0.978427
2097,1,0.569193
2098,0,0.003338
2099,0,0.033387
2100,0,0.016385
2101,0,0.004771
2102,1,0.950909
2103,0,0.00322
2104,1,0.8586
2105,1,0.981909
2106,0,0.640933
2107,1,0.994865
2108,1,0.801115
2109,0,0.001949
2110,1,0.936081
2111,1,0.976115
2112,0,0.092761
2113,1,0.997229
2114,0,0.022396
2115,0,0.005443
2116,0,0.025025
2117,0,0.001131
2118,1,0.984882
2119,0,0.211994
2120,0,0.001565
2121,0,0.000773
2122,1,0.992549
2123,1,0.903243
2124,0,0.607714
2125,1,0.984571
2126,0,0.004187
2127,0,0.001407
2128,0,0.330092
2129,0,0.040005
2130,0,0.011063
2131,1,0.977315
2132,1,0.971494
2133,0,0.009339
2134,0,0.019005
2135,0,0.00999
2136,0,0.016062
2137,1,0.855667
2138,0,0.00538
2139,1,0.808091
2140,1,0.936143
2141,0,0.226153
2142,1,0.539987
2143,0,0.00446
2144,0,0.003307
2145,0,0.01487
2146,1,0.992865
2147,0,0.013201
2148,0,0.006377
2149,1,0.994312
2150,1,0.867219
2151,0,0.6662
2152,0,0.002333
2153,0,0.031704
2154,1,0.979767
2155,0,0.002808
2156,0,0.928133
2157,0,0.001658
2158,1,0.498632
2159,1,0.836024
2160,1,0.990732
2161,1,0.996219
2162,0,0.002581
2163,1,0.777037
2164,1,0.982687
2165,1,0.84676
2166,0,0.002692
2167,0,0.001408
2168,0,0.007893
2169,0,0.015324
2170,1,0.98762
2171,0,0.00384
2172,1,0.99454
2173,0,0.163917
2174,1,0.97752
2175,1,0.893467
2176,0,0.008851
2177,1,0.911357
2178,0,0.005203
2179,0,0.067586
2180,0,0.148535
2181,0,0.003765
2182,1,0.975002
2183,0,0.010094
2184,0,0.006276
2185,0,0.02623
2186,1,0.995855
2187,0,0.023346
2188,1,0.986831
2189,0,0.942291
2190,1,0.948699
2191,1,0.988084
2192,0,0.005888
2193,1,0.995206
2194,1,0.898587
2195,1,0.959911
2196,0,0.006304
2197,0,0.003448
2198,0,0.004857
2199,0,0.009774
2200,1,0.962079
2201,1,0.994435
2202,0,0.005547
2203,1,0.972974
2204,1,0.964953
2205,1,0.766002
2206,0,0.004383
2207,0,0.002394
2208,0,0.001477
2209,0,0.005991
2210,0,0.024051
2211,0,0.039787
2212,1,0.992248
2213,1,0.995002
2214,0,0.005022
2215,0,0.004188
2216,0,0.004906
2217,1,0.990015
2218,1,0.583909
2219,1,0.918513
2220,1,0.951398
2221,0,0.117523
2222,0,0.008087
2223,1,0.988787
2224,1,0.970808
2225,0,0.015216
2226,1,0.997104
2227,1,0.991807
2228,0,0.004761
2229,0,0.002791
2230,1,0.988061
2231,1,0.989384
2232,0,0.002549
2233,1,0.985394
2234,0,0.001396
2235,0,0.012038
2236,0,0.002285
2237,1,0.980913
2238,0,0.026961
2239,1,0.989142
2240,0,0.001875
2241,1,0.973269
2242,0,0.00542
2243,0,0.002528
2244,0,0.139582
2245,0,0.005527
2246,0,0.007354
2247,1,0.955237
2248,0,0.00391
2249,0,0.003299
2250,0,0.014095
2251,1,0.868285
2252,0,0.003882
2253,0,0.001296
2254,0,0.010868
2255,0,0.006655
2256,0,0.014645
2257,0,0.004225
2258,0,0.019409
2259,0,0.008591
2260,0,0.012286
2261,0,0.008486
2262,1,0.368853
2263,0,0.00638
2264,1,0.980886
2265,0,0.97214
2266,0,0.022267
2267,0,0.004885
2268,0,0.001143
2269,1,0.992739
2270,0,0.00234
2271,0,0.003094
2272,0,0.002342
2273,1,0.929652
2274,1,0.930604
2275,1,0.984639
2276,0,0.131146
2277,1,0.995198
2278,0,0.0064
2279,1,0.982628
2280,0,0.148422
2281,0,0.806241
2282,1,0.92662
2283,0,0.025365
2284,0,0.016371
2285,0,0.000904
2286,1,0.976225
2287,0,0.003554
2288,1,0.998118
2289,0,0.271503
2290,1,0.866257
2291,1,0.861314
2292,0,0.002492
2293,1,0.470065
2294,0,0.014302
2295,1,0.749189
2296,1,0.98812
2297,0,0.048807
2298,0,0.250543
2299,1,0.858124
2300,1,0.961349
2301,0,0.002803
2302,0,0.003004
2303,0,0.147067
2304,0,0.001661
2305,0,0.00157
2306,0,0.003745
2307,0,0.037382
2308,1,0.984583
2309,0,0.217944
2310,0,0.003191
2311,0,0.015728
2312,1,0.959461
2313,0,0.031437
2314,1,0.988878
2315,1,0.981705
2316,0,0.004661
2317,1,0.993492
2318,0,0.239158
2319,1,0.995126
2320,1,0.960864
2321,0,0.021041
2322,1,0.958332
2323,1,0.902002
2324,1,0.980081
2325,0,0.373785
2326,0,0.001958
2327,0,0.001905
2328,0,0.007587
2329,1,0.230364
2330,1,0.990841
2331,1,0.974638
2332,1,0.995129
2333,1,0.996225
2334,1,0.867168
2335,0,0.000811
2336,1,0.977132
2337,1,0.963116
2338,0,0.004697
2339,0,0.001456
2340,1,0.936608
2341,0,0.053542
2342,0,0.052094
2343,0,0.009304
2344,0,0.000874
2345,0,0.020196
2346,0,0.005054
2347,1,0.956936
2348,1,0.989104
2349,1,0.989955
2350,0,0.296121
2351,0,0.068526
2352,0,0.009226
2353,0,0.008504
2354,0,0.172885
2355,0,0.006426
2356,0,0.008169
2357,0,0.003029
2358,0,0.042712
2359,0,0.005147
2360,0,0.005934
2361,1,0.933481
2362,1,0.985468
2363,0,0.366313
2364,0,0.2818
2365,1,0.990839
2366,1,0.986959
2367,1,0.762892
2368,0,0.932759
2369,0,0.004083
2370,1,0.989412
2371,1,0.950486
2372,0,0.002195
2373,0,0.004282
2374,0,0.003872
2375,0,0.067691
2376,0,0.003721
2377,1,0.899323
2378,0,0.005722
2379,0,0.017382
2380,1,0.998305
2381,0,0.001874
2382,0,0.006482
2383,1,0.879133
2384,0,0.768812
2385,0,0.933877
2386,0,0.92504
2387,0,0.003558
2388,0,0.002685
2389,1,0.988767
2390,0,0.005606
2391,1,0.405935
2392,0,0.945118
2393,0,0.010968
2394,0,0.001306
2395,0,0.002303
2396,0,0.003336
2397,0,0.125353
2398,0,0.013682
2399,1,0.983409
2400,1,0.996216
2401,0,0.019172
2402,1,0.291361
2403,0,0.985352
2404,1,0.903286
2405,0,0.009427
2406,1,0.997036
2407,0,0.027285
2408,0,0.002943
2409,1,0.997693
2410,1,0.994977
2411,0,0.022061
2412,0,0.002756
2413,0,0.008056
2414,0,0.259605
2415,0,0.005932
2416,1,0.996738
2417,0,0.012489
2418,0,0.010257
2419,0,0.743742
2420,0,0.006718
2421,0,0.001388
2422,1,0.984563
2423,0,0.137194
2424,0,0.004795
2425,0,0.011134
2426,0,0.145813
2427,1,0.987655
2428,1,0.976151
2429,0,0.262158
2430,0,0.03553
2431,0,0.007948
2432,1,0.995902
2433,1,0.854711
2434,0,0.948975
2435,0,0.016307
2436,1,0.990246
2437,0,0.436866
2438,0,0.002675
2439,0,0.002588
2440,0,0.007594
2441,0,0.005667
2442,1,0.989057
2443,0,0.02982
2444,1,0.997368
2445,0,0.89818
2446,1,0.94867
2447,0,0.006765
2448,0,0.000848
2449,1,0.978465
2450,1,0.987462
2451,1,0.962473
2452,0,0.015888
2453,0,0.039024
2454,1,0.456749
2455,0,0.754197
2456,1,0.987311
2457,0,0.013226
2458,1,0.92173
2459,1,0.4061
2460,1,0.959763
2461,0,0.003876
2462,0,0.107127
2463,1,0.872657
2464,0,0.016633
2465,0,0.321615
2466,1,0.780792
2467,0,0.005535
2468,0,0.037057
2469,0,0.016382
2470,0,0.001607
2471,0,0.00595
2472,0,0.002966
2473,0,0.008014
2474,0,0.011632
2475,1,0.968199
2476,0,0.025073
2477,0,0.002189
2478,1,0.994443
2479,0,0.010528
2480,1,0.996686
2481,0,0.000547
2482,1,0.958309
2483,0,0.001632
2484,0,0.010853
2485,1,0.996967
2486,0,0.010454
2487,1,0.969362
2488,0,0.002485
2489,0,0.005637
2490,1,0.989631
2491,0,0.009317
2492,0,0.0012
2493,0,0.009865
2494,1,0.913846
2495,0,0.930565
2496,1,0.89835
2497,0,0.251605
2498,1,0.983112
2499,0,0.006798
2500,0,0.005268
2501,0,0.001183
2502,1,0.567723
2503,0,0.07874
2504,0,0.001855
2505,1,0.889577
2506,0,0.003985
2507,0,0.006698
2508,0,0.214391
2509,1,0.55839
2510,0,0.00917
2511,0,0.0093
2512,0,0.005958
2513,0,0.010475
2514,0,0.001673
2515,1,0.071476
2516,1,0.626684
2517,0,0.067817
2518,0,0.013467
2519,0,0.430798
2520,0,0.472955
2521,0,0.006697
2522,1,0.991035
2523,0,0.016999
2524,0,0.015268
2525,0,0.002995
2526,1,0.98115
2527,1,0.936766
2528,0,0.003328
2529,0,0.002122
2530,0,0.005523
2531,1,0.683272
2532,1,0.856113
2533,0,0.305339
2534,0,0.748884
2535,0,0.00451
2536,0,0.005881
2537,1,0.994041
2538,1,0.151083
2539,1,0.944145
2540,1,0.881351
2541,1,0.945128
2542,1,0.51657
2543,0,0.518307
2544,0,0.004121
2545,0,0.014822
2546,0,0.001334
2547,1,0.988779
2548,0,0.003848
2549,1,0.034903
2550,1,0.941558
2551,1,0.821569
2552,0,0.597689
2553,0,0.000731
2554,0,0.023079
2555,0,0.010229
2556,0,0.008144
2557,0,0.005021
2558,0,0.111179
2559,0,0.00086
2560,0,0.026564
2561,1,0.881574
2562,1,0.962478
2563,0,0.002558
2564,0,0.002281
2565,1,0.980575
2566,0,0.001943
2567,0,0.016628
2568,1,0.979333
2569,0,0.003652
2570,0,0.009475
2571,1,0.984894
2572,0,0.004383
2573,0,0.002085
2574,0,0.001707
2575,0,0.033548
2576,0,0.002572
2577,0,0.003826
2578,1,0.968634
2579,0,0.415151
2580,1,0.993414
2581,1,0.995624
2582,0,0.010965
2583,1,0.958165
2584,0,0.076361
2585,0,0.003972
2586,0,0.38846
2587,1,0.976007
2588,1,0.99403
2589,0,0.00913
2590,1,0.991647
2591,1,0.993595
2592,0,0.002356
2593,1,0.99061
2594,1,0.97686
2595,0,0.964559
2596,1,0.992079
2597,0,0.003452
2598,1,0.04621
2599,0,0.898968
2600,0,0.009249
2601,0,0.001398
2602,0,0.025339
2603,0,0.001218
2604,0,0.760056
2605,1,0.964927
2606,1,0.940384
2607,1,0.819611
2608,0,0.002141
2609,0,0.019976
2610,1,0.943653
2611,0,0.002741
2612,0,0.004312
2613,0,0.010655
2614,0,0.014323
2615,0,0.401899
2616,0,0.004888
2617,0,0.050534
2618,0,0.005568
2619,0,0.005733
2620,0,0.09585
2621,0,0.001842
2622,0,0.003002
2623,0,0.001291
2624,0,0.017935
2625,0,0.740772
2626,0,0.001828
2627,1,0.987877
2628,0,0.010807
2629,0,0.107151
2630,1,0.997951
2631,1,0.983091
2632,0,0.038056
2633,0,0.251277
2634,1,0.976766
2635,0,0.005867
2636,0,0.006363
2637,0,0.003218
2638,0,0.051954
2639,0,0.00246
2640,0,0.004266
2641,1,0.993837
2642,0,0.007619
2643,0,0.004885
2644,1,0.975523
2645,1,0.995716
2646,0,0.003191
2647,1,0.968104
2648,0,0.456956
2649,0,0.003975
2650,0,0.049637
2651,0,0.012183
2652,0,0.002711
2653,1,0.988589
2654,0,0.003883
2655,0,0.009368
2656,0,0.006464
2657,0,0.001318
2658,0,0.002414
2659,0,0.532641
2660,1,0.989568
2661,1,0.991261
2662,0,0.021608
2663,0,0.001324
2664,1,0.994729
2665,0,0.004723
2666,1,0.996569
2667,0,0.013908
2668,0,0.013965
2669,1,0.378074
2670,0,0.066556
2671,0,0.00362
2672,1,0.994826
2673,1,0.998242
2674,1,0.053169
2675,1,0.988144
2676,0,0.003209
2677,1,0.962506
2678,0,0.001395
2679,0,0.558427
2680,0,0.003751
2681,1,0.472631
2682,1,0.996198
2683,0,0.004023
2684,0,0.010229
2685,1,0.946066
2686,0,0.010789
2687,0,0.020315
2688,0,0.00788
2689,0,0.007667
2690,0,0.00745
2691,0,0.058865
2692,1,0.878799
2693,0,0.011115
2694,0,0.003513
2695,0,0.006418
2696,0,0.008855
2697,0,0.001485
2698,0,0.025741
2699,0,0.009645
2700,1,0.836868
2701,0,0.215618
2702,1,0.991912
2703,0,0.002683
2704,0,0.003693
2705,1,0.974413
2706,0,0.295012
2707,0,0.007875
2708,0,0.00225
2709,1,0.876947
2710,0,0.763842
2711,1,0.989722
2712,1,0.995232
2713,1,0.997549
2714,0,0.078541
2715,0,0.006701
2716,1,0.992644
2717,1,0.996106
2718,0,0.06213
2719,0,0.218013
2720,0,0.008827
2721,1,0.941426
2722,1,0.967289
2723,1,0.997306
2724,1,0.991459
2725,0,0.003879
2726,0,0.497762
2727,0,0.00164
2728,0,0.002125
2729,0,0.001074
2730,1,0.904227
2731,0,0.011773
2732,0,0.449116
2733,1,0.996321
2734,1,0.065349
2735,1,0.840478
2736,1,0.953677
2737,0,0.002734
2738,0,0.012145
2739,1,0.528393
2740,1,0.977603
2741,0,0.035351
2742,1,0.826619
2743,1,0.987965
2744,0,0.005205
2745,1,0.990663
2746,0,0.008762
2747,0,0.002858
2748,1,0.985251
2749,0,0.024737
2750,0,0.004738
2751,0,0.004539
2752,1,0.956082
2753,0,0.006429
2754,1,0.971971
2755,0,0.00764
2756,0,0.031722
2757,1,0.996624
2758,0,0.009051
2759,1,0.970388
2760,0,0.002497
2761,0,0.044053
2762,0,0.002802
2763,0,0.065026
2764,0,0.001185
2765,0,0.04207
2766,1,0.958678
2767,1,0.954395
2768,1,0.791186
2769,0,0.001271
2770,0,0.003302
2771,0,0.005737
2772,0,0.015822
2773,1,0.984555
2774,0,0.002595
2775,1,0.87271
2776,0,0.001884
2777,1,0.95362
2778,0,0.004767
2779,0,0.002449
2780,0,0.044265
2781,0,0.784703
2782,1,0.072902
2783,1,0.542603
2784,0,0.004743
2785,0,0.185411
2786,0,0.075976
2787,1,0.833969
2788,0,0.004463
2789,0,0.004942
2790,1,0.815712
2791,0,0.002591
2792,0,0.01397
2793,0,0.003421
2794,0,0.01044
2795,0,0.022597
2796,0,0.02129
2797,0,0.059061
2798,1,0.995083
2799,0,0.005263
2800,1,0.992243
2801,1,0.965431
2802,1,0.95048
2803,0,0.622386
2804,1,0.991053
2805,1,0.931633
2806,0,0.01202
2807,1,0.99464
2808,0,0.828073
2809,0,0.009678
2810,1,0.97777
2811,0,0.025528
2812,1,0.989071
2813,0,0.015239
2814,0,0.086019
2815,0,0.008084
2816,1,0.993543
2817,0,0.007523
2818,0,0.00422
2819,1,0.995565
2820,0,0.012478
2821,1,0.854622
2822,1,0.988341
2823,0,0.002432
2824,0,0.041409
2825,0,0.005861
2826,0,0.012159
2827,0,0.020327
2828,0,0.038776
2829,1,0.985585
2830,0,0.008952
2831,0,0.102848
2832,1,0.989249
2833,1,0.997335
2834,0,0.002678
2835,0,0.805119
2836,0,0.156463
2837,0,0.014964
2838,1,0.995722
2839,1,0.995347
2840,0,0.578465
2841,1,0.987323
2842,1,0.921317
2843,1,0.96999
2844,1,0.543152
2845,0,0.006669
2846,0,0.004652
2847,0,0.011064
2848,1,0.952237
2849,0,0.007139
2850,0,0.007357
2851,1,0.995699
2852,0,0.014675
2853,0,0.030642
2854,1,0.961659
2855,0,0.149331
2856,0,0.012429
2857,0,0.003892
2858,1,0.981116
2859,0,0.003773
2860,0,0.032924
2861,0,0.825098
2862,0,0.414835
2863,0,0.018703
2864,0,0.003448
2865,1,0.968528
2866,1,0.989236
2867,0,0.008311
2868,1,0.844488
2869,0,0.02117
2870,1,0.980792
2871,1,0.988407
2872,0,0.470285
2873,1,0.657483
2874,1,0.762297
2875,1,0.993724
2876,1,0.91824
2877,0,0.00315
2878,0,0.004849
2879,0,0.005388
2880,1,0.552883
2881,1,0.959771
2882,0,0.126361
2883,0,0.102802
2884,0,0.762171
2885,1,0.991104
2886,1,0.983382
2887,0,0.084358
2888,0,0.002129
2889,1,0.992953
2890,0,0.000614
2891,0,0.181024
2892,0,0.009888
2893,0,0.01316
2894,0,0.00114
2895,0,0.001228
2896,0,0.012097
2897,1,0.802458
2898,0,0.001939
2899,0,0.007444
2900,1,0.957276
2901,0,0.025189
2902,1,0.885211
2903,0,0.011974
2904,0,0.395668
2905,1,0.993321
2906,0,0.003367
2907,1,0.039459
2908,1,0.959929
2909,1,0.921427
2910,1,0.986073
2911,1,0.013198
2912,0,0.003327
2913,0,0.01481
2914,0,0.076997
2915,1,0.866742
2916,0,0.112428
2917,1,0.982281
2918,0,0.015165
2919,0,0.199219
2920,1,0.975812
2921,1,0.996609
2922,1,0.9297
2923,0,0.157282
2924,0,0.003725
2925,0,0.001395
2926,1,0.980527
2927,1,0.988739
2928,0,0.001056
2929,0,0.43674
2930,0,0.003451
2931,1,0.984386
2932,0,0.015895
2933,0,0.003512
2934,1,0.983443
2935,0,0.012834
2936,0,0.358779
2937,1,0.96299
2938,0,0.008188
2939,0,0.06319
2940,0,0.005801
2941,1,0.971174
2942,0,0.002484
2943,0,0.009755
2944,1,0.99352
2945,0,0.959904
2946,1,0.876546
2947,0,0.006459
2948,0,0.00314
2949,1,0.964248
2950,1,0.986296
2951,0,0.002513
2952,1,0.881234
2953,1,0.984186
2954,1,0.962335
2955,1,0.929566
2956,0,0.003453
2957,0,0.001662
2958,1,0.988849
2959,0,0.002951
2960,1,0.981578
2961,0,0.02341
2962,0,0.007632
2963,1,0.997177
2964,0,0.006899
2965,1,0.639371
2966,1,0.940365
2967,0,0.332409
2968,1,0.992615
2969,0,0.004275
2970,0,0.003256
2971,0,0.00349
2972,0,0.754183
2973,0,0.000943
2974,1,0.442237
2975,0,0.001273
2976,0,0.007096
2977,0,0.044783
2978,0,0.002027
2979,1,0.987189
2980,0,0.008041
2981,1,0.921135
2982,0,0.003504
2983,0,0.023236
2984,0,0.006608
2985,0,0.530231
2986,0,0.712035
2987,0,0.452768
2988,1,0.854198
2989,0,0.002207
2990,0,0.004124
2991,1,0.851625
2992,0,0.003719
2993,1,0.904154
2994,0,0.044696
2995,0,0.002077
2996,0,0.027865
2997,1,0.051245
2998,1,0.951171
2999,0,0.010148
3000,0,0.167089
3001,1,0.946498
3002,1,0.994452
3003,0,0.034348
3004,0,0.196571
3005,0,0.000878
3006,0,0.017201
3007,0,0.064058
3008,1,0.986725
3009,1,0.992096
3010,0,0.018659
3011,1,0.891986
3012,1,0.988968
3013,0,0.00528
3014,0,0.003193
3015,1,0.655663
3016,0,0.016599
3017,1,0.977318
3018,1,0.990964
3019,0,0.007174
3020,0,0.089049
3021,0,0.007617
3022,0,0.004217
3023,0,0.063983
3024,0,0.004529
3025,1,0.944419
3026,1,0.991478
3027,1,0.922926
3028,1,0.995538
3029,0,0.003764
3030,0,0.055529
3031,0,0.899351
3032,0,0.00281
3033,0,0.007043
3034,1,0.990717
3035,1,0.962333
3036,0,0.012365
3037,0,0.018285
3038,0,0.001038
3039,0,0.028357
3040,1,0.990745
3041,0,0.671178
3042,0,0.596617
3043,1,0.97303
3044,0,0.03699
3045,0,0.006965
3046,1,0.854704
3047,0,0.007267
3048,1,0.981501
3049,0,0.14982
3050,1,0.936673
3051,0,0.005828
3052,0,0.011721
3053,0,0.00392
3054,0,0.003857
3055,0,0.011353
3056,0,0.001819
3057,1,0.978141
3058,0,0.305365
3059,0,0.003566
3060,0,0.007135
3061,0,0.464617
3062,0,0.003925
3063,0,0.001565
3064,1,0.911783
3065,0,0.789698
3066,0,0.002077
3067,0,0.040356
3068,1,0.962543
3069,0,0.002816
3070,0,0.003075
3071,0,0.001195
3072,1,0.991575
3073,0,0.201534
3074,0,0.003882
3075,0,0.001547
3076,1,0.989619
3077,0,0.0018
3078,0,0.16961
3079,1,0.972621
3080,1,0.995621
3081,1,0.986529
3082,1,0.967511
3083,0,0.91439
3084,0,0.005626
3085,1,0.991905
3086,1,0.917307
3087,1,0.024045
3088,0,0.950047
3089,0,0.052178
3090,0,0.003175
3091,0,0.027839
3092,0,0.005123
3093,1,0.988161
3094,0,0.001396
3095,0,0.001772
3096,1,0.99712
3097,0,0.002135
3098,0,0.003729
3099,0,0.00421
3100,1,0.574534
3101,0,0.225433
3102,0,0.001645
3103,0,0.006147
3104,1,0.993603
3105,0,0.011173
3106,0,0.501839
3107,1,0.935084
3108,0,0.001424
3109,1,0.190713
3110,1,0.991476
3111,0,0.004809
3112,0,0.01697
3113,0,0.003534
3114,0,0.022532
3115,0,0.001464
3116,0,0.003266
3117,0,0.715356
3118,0,0.877146
3119,0,0.580588
3120,1,0.493182
3121,0,0.498664
3122,0,0.003364
3123,1,0.993404
3124,0,0.024548
3125,1,0.975622
3126,0,0.00478
3127,1,0.950052
3128,1,0.431673
3129,0,0.095367
3130,0,0.00293
3131,0,0.45434
3132,1,0.986384
3133,0,0.003651
3134,1,0.996853
3135,0,0.002359
3136,0,0.005699
3137,1,0.594986
3138,0,0.050977
3139,0,0.003284
3140,1,0.886546
3141,0,0.049632
3142,0,0.035735
3143,1,0.980439
3144,1,0.973078
3145,1,0.971674
3146,1,0.611708
3147,0,0.011142
3148,1,0.878667
3149,0,0.001216
3150,0,0.005661
3151,1,0.971358
3152,1,0.990641
3153,0,0.002938
3154,0,0.307132
3155,0,0.009717
3156,1,0.994624
3157,1,0.98721
3158,1,0.940385
3159,0,0.067956
3160,1,0.96753
3161,1,0.991324
3162,0,0.06998
3163,1,0.98098
3164,0,0.005407
3165,0,0.006308
3166,1,0.979746
3167,0,0.632256
3168,1,0.996525
3169,1,0.986185
3170,0,0.339838
3171,1,0.996033
3172,0,0.002822
3173,0,0.051125
3174,0,0.197765
3175,0,0.001598
3176,0,0.039533
3177,1,0.979957
3178,1,0.94402
3179,0,0.028809
3180,0,0.006389
3181,0,0.004437
3182,1,0.943644
3183,1,0.884083
3184,0,0.002895
3185,0,0.997421
3186,0,0.001943
3187,1,0.998757
3188,1,0.936626
3189,0,0.411492
3190,0,0.038109
3191,0,0.934901
3192,1,0.094324
3193,0,0.025381
3194,1,0.985196
3195,1,0.57881
3196,0,0.003104
3197,0,0.001985
3198,1,0.967321
3199,0,0.012055
3200,1,0.996502
3201,1,0.746252
3202,0,0.001476
3203,1,0.98497
3204,0,0.011602
3205,0,0.001156
3206,0,0.001128
3207,0,0.382952
3208,1,0.776583
3209,0,0.014177
3210,1,0.969245
3211,0,0.493802
3212,0,0.358881
3213,0,0.972842
3214,0,0.01161
3215,1,0.970489
3216,1,0.997611
3217,0,0.949547
3218,0,0.022107
3219,0,0.030532
3220,0,0.219509
3221,1,0.937185
3222,1,0.983695
3223,0,0.007438
3224,0,0.001754
3225,0,0.026974
3226,1,0.991394
3227,0,0.007538
3228,0,0.001638
3229,0,0.387849
3230,1,0.985476
3231,0,0.117504
3232,0,0.003326
3233,1,0.984075
3234,0,0.029908
3235,0,0.01938
3236,1,0.976443
3237,0,0.001139
3238,0,0.312283
3239,0,0.001727
3240,1,0.691528
3241,1,0.994405
3242,1,0.98041
3243,1,0.98621
3244,0,0.002171
3245,0,0.001409
3246,0,0.008953
3247,1,0.983165
3248,0,0.800991
3249,0,0.146546
3250,1,0.974011
3251,0,0.032724
3252,0,0.010301
3253,0,0.192236
3254,0,0.007632
3255,0,0.005979
3256,0,0.009354
3257,1,0.959861
3258,0,0.002714
3259,0,0.002024
3260,0,0.005747
3261,0,0.051463
3262,0,0.009476
3263,0,0.004275
3264,1,0.906132
3265,0,0.00127
3266,0,0.569653
3267,1,0.994972
3268,0,0.694878
3269,0,0.007448
3270,0,0.004136
3271,0,0.003243
3272,0,0.040265
3273,0,0.001068
3274,0,0.003508
3275,0,0.003082
3276,0,0.001648
3277,1,0.965945
3278,0,0.00606
3279,0,0.006891
3280,0,0.002306
3281,0,0.010942
3282,1,0.997881
3283,1,0.958715
3284,0,0.018071
3285,0,0.04064
3286,0,0.076704
3287,0,0.001013
3288,0,0.019077
3289,0,0.004716
3290,1,0.880848
3291,0,0.004068
3292,0,0.001652
3293,0,0.004399
3294,1,0.939495
3295,0,0.105793
3296,1,0.956697
3297,0,0.00392
3298,1,0.095325
3299,1,0.199193
3300,0,0.001622
3301,0,0.009311
3302,0,0.013221
3303,0,0.017522
3304,0,0.002769
3305,0,0.099897
3306,0,0.001032
3307,0,0.001663
3308,1,0.976824
3309,0,0.058681
3310,1,0.994173
3311,0,0.001395
3312,1,0.766987
3313,0,0.000888
3314,1,0.962973
3315,1,0.935001
3316,0,0.171252
3317,1,0.99358
3318,0,0.00166
3319,0,0.005333
3320,0,0.001656
3321,0,0.015133
3322,0,0.187029
3323,0,0.001887
3324,0,0.010017
3325,0,0.067646
3326,1,0.86869
3327,0,0.00559
3328,1,0.996566
3329,1,0.980016
3330,0,0.007711
3331,0,0.337219
3332,1,0.986132
3333,0,0.008041
3334,0,0.004509
3335,1,0.991797
3336,0,0.808033
3337,0,0.321513
3338,0,0.024439
3339,0,0.002433
3340,0,0.047114
3341,1,0.977899
3342,1,0.964476
3343,0,0.002344
3344,0,0.01247
3345,1,0.950342
3346,1,0.974568
3347,1,0.99105
3348,1,0.995517
3349,0,0.006439
3350,0,0.784526
3351,0,0.003418
3352,0,0.002745
3353,0,0.013983
3354,1,0.954946
3355,0,0.118709
3356,0,0.001055
3357,0,0.002446
3358,1,0.937445
3359,0,0.588495
3360,1,0.989268
3361,0,0.003892
3362,0,0.608932
3363,0,0.001552
3364,1,0.995874
3365,0,0.00093
3366,1,0.93121
3367,1,0.960585
3368,0,0.077089
3369,0,0.024739
3370,1,0.961368
3371,0,0.008852
3372,0,0.002401
3373,0,0.01961
3374,0,0.005705
3375,0,0.142795
3376,0,0.002565
3377,0,0.006322
3378,1,0.991456
3379,1,0.997742
3380,0,0.015586
3381,0,0.002776
3382,1,0.978661
3383,0,0.004198
3384,0,0.111656
3385,1,0.894157
3386,0,0.01936
3387,1,0.087166
3388,1,0.983449
3389,1,0.978923
3390,1,0.990734
3391,0,0.005446
3392,0,0.001022
3393,1,0.976188
3394,1,0.985524
3395,0,0.041709
3396,0,0.00438
3397,0,0.037482
3398,0,0.000388
3399,1,0.480413
3400,0,0.471846
3401,0,0.003703
3402,1,0.932205
3403,0,0.002796
3404,1,0.993033
3405,0,0.02386
3406,0,0.002176
3407,1,0.997067
3408,0,0.011351
3409,0,0.01604
3410,1,0.992796
3411,1,0.96474
3412,0,0.965725
3413,0,0.001308
3414,1,0.921257
3415,0,0.004658
3416,1,0.959429
3417,0,0.013896
3418,0,0.001923
3419,0,0.003323
3420,0,0.007402
3421,0,0.001207
3422,1,0.978646
3423,0,0.063494
3424,0,0.006146
3425,0,0.00135
3426,1,0.985263
3427,1,0.997067
3428,1,0.876712
3429,0,0.002336
3430,0,0.988106
3431,0,0.002057
3432,1,0.389653
3433,0,0.003642
3434,1,0.995157
3435,1,0.951943
3436,0,0.003375
3437,0,0.087901
3438,1,0.994982
3439,0,0.054553
3440,0,0.001052
3441,0,0.01317
3442,0,0.007112
3443,0,0.007132
3444,0,0.001226
3445,0,0.186645
3446,1,0.007842
3447,1,0.754197
3448,0,0.625839
3449,1,0.993082
3450,1,0.983259
3451,0,0.007855
3452,0,0.419811
3453,0,0.003599
3454,1,0.368402
3455,1,0.992539
3456,0,0.002219
3457,1,0.974563
3458,0,0.02711
3459,0,0.01099
3460,0,0.002864
3461,0,0.432086
3462,0,0.092473
3463,0,0.066707
3464,0,0.065303
3465,1,0.995291
3466,0,0.103203
3467,0,0.043386
3468,0,0.036027
3469,0,0.756024
3470,1,0.983454
3471,1,0.043559
3472,0,0.045804
3473,0,0.008339
3474,0,0.002864
3475,0,0.017748
3476,1,0.980497
3477,0,0.003702
3478,0,0.373608
3479,0,0.496005
3480,0,0.008379
3481,0,0.006137
3482,0,0.00876
3483,0,0.004887
3484,0,0.002974
3485,1,0.98304
3486,0,0.632527
3487,0,0.038183
3488,0,0.057429
3489,0,0.00137
3490,1,0.985821
3491,0,0.000465
3492,1,0.986152
3493,1,0.994747
3494,1,0.947797
3495,1,0.972088
3496,1,0.782236
3497,0,0.012549
3498,0,0.581599
3499,1,0.630796
3500,0,0.007776
3501,0,0.00326
3502,0,0.003393
3503,1,0.853466
3504,1,0.987168
3505,1,0.915775
3506,0,0.012828
3507,1,0.972637
3508,1,0.996491
3509,1,0.634745
3510,0,0.00204
3511,0,0.836035
3512,0,0.027463
3513,0,0.023484
3514,0,0.258946
3515,0,0.043779
3516,0,0.006082
3517,0,0.977205
3518,0,0.003175
3519,1,0.903756
3520,0,0.006948
3521,0,0.14149
3522,0,0.000517
3523,1,0.686913
3524,0,0.038313
3525,0,0.003054
3526,1,0.947363
3527,0,0.017516
3528,1,0.913312
3529,0,0.008228
3530,1,0.936592
3531,0,0.01077
3532,0,0.605965
3533,1,0.949067
3534,1,0.995134
3535,1,0.765725
3536,1,0.990359
3537,1,0.852339
3538,0,0.004733
3539,0,0.004536
3540,0,0.003914
3541,0,0.109111
3542,0,0.12502
3543,0,0.003046
3544,1,0.918532
3545,0,0.954106
3546,0,0.002882
3547,1,0.883166
3548,1,0.971644
3549,0,0.170322
3550,0,0.001702
3551,0,0.016139
3552,0,0.005064
3553,0,0.024246
3554,0,0.007127
3555,0,0.01281
3556,0,0.014307
3557,0,0.008045
3558,0,0.015716
3559,0,0.007112
3560,1,0.856401
3561,0,0.001136
3562,0,0.002338
3563,0,0.038412
3564,0,0.002187
3565,0,0.012673
3566,1,0.985589
3567,0,0.003456
3568,0,0.644873
3569,1,0.982249
3570,0,0.96187
3571,1,0.986753
3572,0,0.0534
3573,0,0.031575
3574,0,0.006815
3575,0,0.020893
3576,0,0.012079
3577,0,0.020468
3578,0,0.013294
3579,1,0.428726
3580,0,0.04737
3581,1,0.232726
3582,1,0.003336
3583,0,0.018357
3584,1,0.913465
3585,1,0.98254
3586,0,0.007899
3587,1,0.861771
3588,1,0.991925
3589,0,0.005747
3590,0,0.011204
3591,1,0.983832
3592,0,0.014293
3593,0,0.034945
3594,1,0.995443
3595,0,0.023654
3596,0,0.001418
3597,0,0.03809
3598,0,0.082151
3599,1,0.916588
3600,0,0.076616
3601,0,0.002072
3602,1,0.992597
3603,1,0.9377
3604,0,0.006907
3605,0,0.078885
3606,0,0.01307
3607,0,0.347076
3608,0,0.019423
3609,0,0.348079
3610,1,0.977618
3611,1,0.961518
3612,0,0.594297
3613,0,0.181957
3614,0,0.004976
3615,0,0.006779
3616,1,0.98763
3617,0,0.165944
3618,1,0.997246
3619,0,0.003964
3620,1,0.997056
3621,0,0.62043
3622,0,0.032624
3623,0,0.975674
3624,1,0.979056
3625,0,0.002027
3626,0,0.042348
3627,0,0.370132
3628,0,0.148833
3629,1,0.988328
3630,1,0.94124
3631,0,0.026069
3632,0,0.000577
3633,0,0.002053
3634,0,0.008365
3635,0,0.031145
3636,0,0.020753
3637,0,0.004281
3638,0,0.126631
3639,0,0.977584
3640,0,0.038735
3641,0,0.023904
3642,0,0.577029
3643,0,0.920898
3644,0,0.010937
3645,1,0.985437
3646,1,0.986818
3647,0,0.004447
3648,0,0.001062
3649,1,0.990939
3650,0,0.00204
3651,1,0.993461
3652,0,0.002388
3653,0,0.036768
3654,0,0.003772
3655,1,0.996499
3656,0,0.020641
3657,0,0.366393
3658,0,0.409016
3659,1,0.821898
3660,0,0.783769
3661,1,0.962219
3662,1,0.871879
3663,0,0.004065
3664,1,0.030249
3665,1,0.937115
3666,0,0.013148
3667,1,0.945748
3668,0,0.003258
3669,0,0.02084
3670,0,0.004019
3671,0,0.00126
3672,0,0.010543
3673,0,0.882334
3674,0,0.195662
3675,0,0.991173
3676,1,0.605726
3677,0,0.097603
3678,0,0.099814
3679,1,0.57875
3680,0,0.183126
3681,0,0.003457
3682,1,0.994597
3683,0,0.003598
3684,1,0.98741
3685,0,0.003698
3686,0,0.003242
3687,0,0.056899
3688,0,0.175804
3689,1,0.953641
3690,0,0.017212
3691,0,0.507004
3692,1,0.983666
3693,1,0.986037
3694,0,0.000835
3695,1,0.936996
3696,1,0.990033
3697,0,0.023942
3698,1,0.945743
3699,0,0.001334
3700,0,0.032222
3701,0,0.001327
3702,1,0.99013
3703,1,0.537916
3704,0,0.001599
3705,1,0.888036
3706,0,0.001783
3707,1,0.413977
3708,1,0.991461
3709,1,0.981261
3710,0,0.002018
3711,0,0.00998
3712,0,0.002415
3713,0,0.005835
3714,0,0.173973
3715,0,0.230715
3716,0,0.001147
3717,0,0.013546
3718,0,0.000881
3719,0,0.004487
3720,0,0.002181
3721,0,0.01089
3722,0,0.001072
3723,0,0.671316
3724,0,0.099066
3725,0,0.040612
3726,1,0.966893
3727,0,0.351855
3728,0,0.019513
3729,0,0.001836
3730,1,0.736512
3731,0,0.003363
3732,1,0.914211
3733,0,0.90802
3734,1,0.91071
3735,1,0.966216
3736,0,0.142447
3737,1,0.474576
3738,0,0.007442
3739,0,0.073627
3740,1,0.986594
3741,0,0.000878
3742,0,0.002767
3743,1,0.984485
3744,1,0.260381
3745,0,0.002739
3746,0,0.09821
3747,0,0.056872
3748,1,0.833053
3749,1,0.915082
3750,1,0.959819
3751,1,0.582061
3752,0,0.009643
3753,0,0.011949
3754,1,0.959474
3755,1,0.008079
3756,1,0.990527
3757,0,0.424715
3758,1,0.996416
3759,1,0.749369
3760,0,0.00658
3761,0,0.003204
3762,1,0.708391
3763,1,0.972204
3764,1,0.728553
3765,0,0.007176
3766,0,0.007628
3767,1,0.843697
3768,0,0.00578
3769,1,0.172568
3770,0,0.730121
3771,0,0.002836
3772,0,0.017456
3773,1,0.981277
3774,0,0.033805
3775,1,0.921413
3776,0,0.040418
3777,0,0.01174
3778,1,0.990211
3779,0,0.00684
3780,0,0.002509
3781,0,0.002811
3782,0,0.000543
3783,1,0.990114
3784,0,0.008865
3785,0,0.01217
3786,0,0.398553
3787,0,0.00211
3788,0,0.030133
3789,1,0.977634
3790,0,0.003002
3791,1,0.903949
3792,0,0.196914
3793,0,0.001525
3794,1,0.740927
3795,0,0.054395
3796,0,0.00597
3797,1,0.741768
3798,1,0.218748
3799,1,0.8772
3800,0,0.324213
3801,0,0.026528
3802,1,0.924939
3803,0,0.03394
3804,0,0.007612
3805,0,0.009477
3806,0,0.002727
3807,0,0.002512
3808,0,0.007671
3809,0,0.004962
3810,0,0.007887
3811,0,0.432635
3812,1,0.862668
3813,0,0.001793
3814,1,0.970212
3815,0,0.003345
3816,0,0.006266
3817,1,0.990182
3818,0,0.005591
3819,1,0.845632
3820,1,0.633151
3821,0,0.001971
3822,0,0.749331
3823,0,0.00962
3824,1,0.991243
3825,0,0.002044
3826,0,0.483019
3827,0,0.001693
3828,0,0.002738
3829,0,0.15402
3830,1,0.124303
3831,1,0.933443
3832,0,0.139152
3833,1,0.394774
3834,0,0.006147
3835,0,0.59571
3836,0,0.606191
3837,1,0.496036
3838,0,0.006189
3839,1,0.961392
3840,0,0.008347
3841,1,0.896918
3842,0,0.010519
3843,0,0.032089
3844,0,0.00546
3845,0,0.001893
3846,1,0.980979
3847,0,0.013335
3848,1,0.946868
3849,0,0.008797
3850,1,0.927688
3851,1,0.845889
3852,1,0.792856
3853,0,0.01712
3854,0,0.009932
3855,1,0.944004
3856,0,0.006625
3857,0,0.004666
3858,0,0.006904
3859,0,0.023533
3860,1,0.973072
3861,1,0.97157
3862,1,0.986586
3863,0,0.015175
3864,0,0.002025
3865,0,0.004416
3866,0,0.004669
3867,0,0.258342
3868,0,0.001217
3869,0,0.001566
3870,0,0.18318
3871,0,0.003928
3872,0,0.003639
3873,0,0.00479
3874,0,0.015664
3875,0,0.018973
3876,0,0.016552
3877,0,0.468245
3878,1,0.991787
3879,1,0.981934
3880,0,0.219262
3881,0,0.003657
3882,0,0.503884
3883,0,0.001752
3884,0,0.001617
3885,0,0.000865
3886,0,0.034827
3887,1,0.993583
3888,0,0.010426
3889,1,0.506497
3890,0,0.021136
3891,0,0.003748
3892,0,0.074227
3893,1,0.980185
3894,0,0.072685
3895,0,0.003156
3896,0,0.001748
3897,0,0.03173
3898,0,0.010456
3899,0,0.544708
3900,0,0.005296
3901,0,0.005993
3902,0,0.008043
3903,1,0.909994
3904,1,0.998796
3905,0,0.003243
3906,1,0.939932
3907,1,0.991186
3908,0,0.001589
3909,1,0.986827
3910,1,0.955257
3911,1,0.776703
3912,0,0.07211
3913,0,0.005285
3914,0,0.013468
3915,0,0.495341
3916,1,0.779659
3917,1,0.689745
3918,0,0.003112
3919,1,0.921562
3920,0,0.002806
3921,0,0.004851
3922,1,0.994556
3923,1,0.996754
3924,0,0.005328
3925,0,0.0017
3926,0,0.004452
3927,0,0.003534
3928,0,0.013065
3929,0,0.009903
3930,0,0.008206
3931,0,0.00162
3932,1,0.855789
3933,1,0.992818
3934,1,0.978937
3935,1,0.988412
3936,0,0.035364
3937,0,0.033489
3938,1,0.910926
3939,1,0.998157
3940,1,0.369528
3941,0,0.006621
3942,1,0.882931
3943,1,0.947196
3944,1,0.979538
3945,0,0.00613
3946,0,0.002457
3947,0,0.008214
3948,0,0.005381
3949,0,0.002488
3950,0,0.010096
3951,0,0.001042
3952,0,0.001082
3953,1,0.816915
3954,1,0.991415
3955,0,0.033647
3956,0,0.008049
3957,0,0.028155
3958,0,0.001621
3959,0,0.008571
3960,1,0.953919
3961,0,0.01881
3962,0,0.047798
3963,0,0.003864
3964,1,0.991411
3965,0,0.001184
3966,0,0.002996
3967,1,0.926833
3968,1,0.915506
3969,1,0.49588
3970,1,0.927912
3971,0,0.008963
3972,0,0.008055
3973,0,0.666482
3974,1,0.993222
3975,1,0.659847
3976,0,0.028666
3977,1,0.996426
3978,0,0.098622
3979,1,0.990723
3980,0,0.163977
3981,0,0.029346
3982,0,0.004722
3983,1,0.973244
3984,0,0.003723
3985,0,0.002867
3986,1,0.967029
3987,0,0.008682
3988,0,0.002153
3989,0,0.000602
3990,0,0.002533
3991,0,0.006813
3992,1,0.993533
3993,1,0.984018
3994,1,0.973228
3995,1,0.92409
3996,1,0.903997
3997,0,0.012985
3998,0,0.00697
3999,0,0.007252
4000,1,0.835269
4001,0,0.044278
4002,0,0.001851
4003,1,0.983802
4004,1,0.79491
4005,1,0.927202
4006,0,0.091886
4007,0,0.026157
4008,1,0.951077
4009,1,0.832685
4010,0,0.001826
4011,0,0.004556
4012,0,0.001517
4013,0,0.026322
4014,1,0.943037
4015,0,0.003089
4016,0,0.000969
4017,1,0.986216
4018,0,0.041305
4019,0,0.002677
4020,0,0.009803
4021,0,0.012427
4022,1,0.989893
4023,1,0.990534
4024,1,0.987217
4025,1,0.889323
4026,0,0.005671
4027,1,0.855664
4028,0,0.001134
4029,0,0.002555
4030,0,0.09865
4031,0,0.034113
4032,0,0.003792
4033,0,0.008457
4034,1,0.994912
4035,1,0.8418
4036,0,0.016612
4037,0,0.011086
4038,0,0.020153
4039,0,0.003985
4040,0,0.004195
4041,0,0.016845
4042,0,0.004482
4043,1,0.964372
4044,0,0.574145
4045,0,0.001574
4046,0,0.010571
4047,0,0.003718
4048,1,0.317971
4049,0,0.002904
4050,0,0.002825
4051,1,0.975127
4052,0,0.017029
4053,0,0.002561
4054,0,0.019974
4055,1,0.955263
4056,0,0.004716
4057,0,0.011953
4058,1,0.079926
4059,0,0.000558
4060,1,0.968143
4061,1,0.932485
4062,1,0.147633
4063,1,0.852037
4064,1,0.99491
4065,1,0.951358
4066,1,0.989896
4067,0,0.011965
4068,0,0.043022
4069,0,0.000451
4070,1,0.771249
4071,0,0.018975
4072,0,0.000956
4073,1,0.227392
4074,1,0.847016
4075,0,0.019998
4076,0,0.013021
4077,0,0.002602
4078,0,0.012756
4079,0,0.012594
4080,1,0.632024
4081,0,0.009937
4082,0,0.036259
4083,1,0.998257
4084,0,0.006664
4085,0,0.022424
4086,0,0.005719
4087,0,0.007659
4088,0,0.005915
4089,1,0.776489
4090,0,0.462404
4091,0,0.022193
4092,1,0.832353
4093,1,0.93727
4094,0,0.060783
4095,1,0.932643
4096,1,0.749294
4097,1,0.951553
4098,1,0.651824
4099,1,0.57322
4100,0,0.005
4101,1,0.987303
4102,1,0.983044
4103,1,0.990483
4104,1,0.982343
4105,0,0.009135
4106,0,0.186529
4107,0,0.086931
4108,0,0.005416
4109,0,0.001626
4110,1,0.924063
4111,1,0.573064
4112,0,0.019814
4113,0,0.959176
4114,0,0.015985
4115,1,0.904124
4116,0,0.032836
4117,1,0.991586
4118,0,0.005587
4119,0,0.966233
4120,0,0.010629
4121,1,0.740434
4122,0,0.001348
4123,0,0.020528
4124,0,0.004033
4125,0,0.016771
4126,0,0.022596
4127,1,0.997069
4128,1,0.995786
4129,1,0.418612
4130,0,0.000554
4131,0,0.016331
4132,0,0.001593
4133,1,0.153645
4134,1,0.975122
4135,1,0.990528
4136,0,0.016252
4137,1,0.995413
4138,1,0.984843
4139,0,0.122119
4140,0,0.377358
4141,0,0.001155
4142,0,0.005205
4143,1,0.991109
4144,1,0.982091
4145,1,0.967022
4146,1,0.984385
4147,0,0.356479
4148,0,0.001941
4149,0,0.00718
4150,0,0.027489
4151,0,0.001027
4152,0,0.041659
4153,0,0.007626
4154,0,0.004712
4155,0,0.003228
4156,0,0.003662
4157,0,0.000937
4158,1,0.994751
4159,0,0.001758
4160,1,0.983407
4161,1,0.984528
4162,0,0.003116
4163,0,0.006413
4164,0,0.022899
4165,0,0.003285
4166,0,0.005411
4167,0,0.025316
4168,0,0.00248
4169,0,0.001106
4170,0,0.060875
4171,0,0.001033
4172,1,0.991876
4173,1,0.639666
4174,0,0.45896
4175,0,0.006316
4176,1,0.687452
4177,0,0.001883
4178,1,0.72589
4179,0,0.004306
4180,1,0.95981
4181,0,0.120722
4182,0,0.018649
4183,0,0.556461
4184,0,0.058282
4185,1,0.919517
4186,0,0.002723
4187,1,0.991705
4188,0,0.060068
4189,0,0.544527
4190,1,0.921112
4191,0,0.05268
4192,0,0.001814
4193,1,0.884982
4194,0,0.007635
4195,1,0.930352
4196,1,0.982267
4197,1,0.700159
4198,0,0.015779
4199,0,0.004134
4200,1,0.990853
4201,0,0.052868
4202,1,0.994608
4203,0,0.004019
4204,1,0.968055
4205,1,0.953721
4206,1,0.99367
4207,0,0.006629
4208,0,0.74038
4209,0,0.004219
4210,1,0.900012
4211,0,0.006902
4212,0,0.001532
4213,0,0.782295
4214,1,0.956273
4215,1,0.985858
4216,1,0.983636
4217,0,0.002259
4218,0,0.009131
4219,0,0.019039
4220,0,0.001706
4221,0,0.002889
4222,0,0.00258
4223,1,0.953738
4224,1,0.97166
4225,0,0.045765
4226,1,0.931129
4227,1,0.418367
4228,1,0.621626
4229,0,0.003906
4230,0,0.931167
4231,0,0.002719
4232,0,0.017289
4233,0,0.00205
4234,1,0.93048
4235,0,0.000654
4236,0,0.008031
4237,1,0.992596
4238,0,0.098243
4239,1,0.990217
4240,0,0.002338
4241,0,0.06207
4242,0,0.006017
4243,0,0.007575
4244,0,0.021744
4245,1,0.239987
4246,0,0.019265
4247,1,0.689595
4248,0,0.062037
4249,1,0.621459
4250,1,0.982552
4251,0,0.178636
4252,0,0.001812
4253,0,0.002307
4254,0,0.005524
4255,0,0.042099
4256,0,0.077562
4257,0,0.014781
4258,0,0.64852
4259,1,0.47106
4260,1,0.996558
4261,0,0.439001
4262,0,0.00242
4263,0,0.008223
4264,0,0.00355
4265,1,0.988774
4266,1,0.118155
4267,1,0.93331
4268,1,0.977735
4269,0,0.002961
4270,0,0.015496
4271,1,0.918358
4272,1,0.922398
4273,0,0.007777
4274,1,0.888114
4275,0,0.00587
4276,0,0.006673
4277,0,0.003559
4278,1,0.910477
4279,0,0.029064
4280,0,0.282584
4281,0,0.007492
4282,0,0.023233
4283,0,0.030243
4284,0,0.047138
4285,0,0.007159
4286,1,0.973135
4287,0,0.084614
4288,1,0.942301
4289,1,0.963637
4290,0,0.035332
4291,0,0.005614
4292,0,0.004675
4293,0,0.003845
4294,1,0.976924
4295,1,0.961057
4296,0,0.573805
4297,0,0.011838
4298,1,0.994141
4299,0,0.003501
4300,0,0.005541
4301,1,0.983722
4302,1,0.957949
4303,0,0.019642
4304,1,0.948055
4305,0,0.002031
4306,0,0.077885
4307,1,0.974888
4308,1,0.996284
4309,1,0.967765
4310,0,0.027585
4311,0,0.037239
4312,0,0.007677
4313,1,0.207781
4314,1,0.095807
4315,1,0.020345
4316,1,0.973861
4317,0,0.086318
4318,0,0.545401
4319,0,0.003284
4320,0,0.385368
4321,1,0.980676
4322,0,0.046756
4323,0,0.017887
4324,0,0.005336
4325,1,0.993505
4326,0,0.074532
4327,0,0.003674
4328,1,0.992038
4329,0,0.003052
4330,1,0.989609
4331,1,0.990965
4332,0,0.981389
4333,1,0.989397
4334,0,0.008385
4335,0,0.008968
4336,1,0.994851
4337,0,0.006156
4338,1,0.859053
4339,1,0.986129
4340,1,0.926307
4341,0,0.015059
4342,1,0.983408
4343,0,0.003303
4344,0,0.269976
4345,1,0.989654
4346,1,0.981161
4347,0,0.763451
4348,0,0.046919
4349,0,0.000932
4350,0,0.02573
4351,1,0.989182
4352,1,0.875404
4353,1,0.984864
4354,0,0.004398
4355,0,0.005413
4356,1,0.98578
4357,1,0.99283
4358,0,0.000873
4359,1,0.96811
4360,0,0.008868
4361,0,0.002257
4362,0,0.019205
4363,0,0.002293
4364,0,0.003648
4365,1,0.98528
4366,0,0.388104
4367,1,0.979167
4368,0,0.003545
4369,1,0.992948
4370,0,0.007619
4371,0,0.004072
4372,0,0.003067
4373,1,0.952859
4374,1,0.850938
4375,0,0.015073
4376,0,0.988795
4377,0,0.037157
4378,1,0.890765
4379,0,0.001738
4380,0,0.00127
4381,1,0.339439
4382,0,0.002914
4383,1,0.993164
4384,0,0.001889
4385,0,0.215111
4386,0,0.231594
4387,0,0.004493
4388,0,0.095897
4389,0,0.812447
4390,1,0.985426
4391,1,0.907694
4392,1,0.992139
4393,1,0.926105
4394,0,0.003749
4395,0,0.034426
4396,1,0.993591
4397,1,0.998157
4398,1,0.430964
4399,0,0.792317
4400,0,0.010511
4401,0,0.001461
4402,0,0.084596
4403,0,0.029924
4404,1,0.985464
4405,1,0.996141
4406,0,0.004976
4407,0,0.122263
4408,1,0.955498
4409,0,0.004298
4410,0,0.004397
4411,1,0.893292
4412,1,0.885672
4413,1,0.978292
4414,1,0.932294
4415,0,0.002948
4416,1,0.976873
4417,1,0.955321
4418,0,0.003728
4419,0,0.016808
4420,0,0.001194
4421,1,0.96993
4422,0,0.006216
4423,1,0.983454
4424,0,0.001729
4425,0,0.001663
4426,1,0.976267
4427,1,0.936235
4428,0,0.533565
4429,0,0.021528
4430,0,0.00409
4431,0,0.013032
4432,1,0.992007
4433,0,0.767477
4434,0,0.002921
4435,1,0.975607
4436,1,0.717069
4437,0,0.010003
4438,0,0.005456
4439,1,0.995151
4440,0,0.007562
4441,1,0.995022
4442,0,0.002085
4443,0,0.495354
4444,0,0.453818
4445,0,0.000606
4446,1,0.979718
4447,0,0.004491
4448,0,0.041221
4449,0,0.005086
4450,1,0.989341
4451,1,0.546982
4452,1,0.621361
4453,1,0.787174
4454,1,0.986571
4455,0,0.172269
4456,0,0.057641
4457,0,0.007331
4458,1,0.990494
4459,1,0.78609
4460,0,0.015236
4461,0,0.003059
4462,0,0.061112
4463,0,0.879019
4464,0,0.002493
4465,1,0.855989
4466,0,0.787721
4467,1,0.015087
4468,0,0.022911
4469,0,0.056768
4470,1,0.813834
4471,1,0.910569
4472,1,0.857225
4473,1,0.011871
4474,1,0.986576
4475,1,0.877471
4476,1,0.961995
4477,0,0.022288
4478,0,0.03135
4479,0,0.028323
4480,0,0.006911
4481,0,0.001408
4482,1,0.976188
4483,0,0.003449
4484,0,0.019886
4485,1,0.983088
4486,0,0.00149
4487,0,0.010267
4488,0,0.015252
4489,1,0.989839
4490,1,0.989423
4491,1,0.984668
4492,1,0.952884
4493,0,0.100121
4494,0,0.048253
4495,0,0.11562
4496,1,0.977973
4497,1,0.275137
4498,0,0.003159
4499,1,0.529809
4500,1,0.966934
4501,0,0.001252
4502,0,0.025353
4503,0,0.005193
4504,0,0.346444
4505,0,0.07596
4506,0,0.005822
4507,0,0.015323
4508,0,0.010274
4509,0,0.697351
4510,0,0.020851
4511,0,0.005002
4512,0,0.022872
4513,0,0.002502
4514,0,0.018126
4515,0,0.00747
4516,0,0.204559
4517,1,0.95355
4518,0,0.002505
4519,0,0.009515
4520,1,0.992263
4521,1,0.924081
4522,1,0.933298
4523,0,0.780712
4524,0,0.001731
4525,1,0.911555
4526,0,0.00052
4527,0,0.026799
4528,0,0.956976
4529,0,0.012919
4530,0,0.00568
4531,1,0.994286
4532,0,0.001244
4533,1,0.897679
4534,0,0.002804
4535,0,0.001314
4536,0,0.003633
4537,0,0.004962
4538,0,0.02502
4539,0,0.000752
4540,0,0.175398
4541,1,0.99808
4542,0,0.005893
4543,0,0.027568
4544,1,0.993207
4545,1,0.8353
4546,1,0.873446
4547,0,0.065455
4548,0,0.056333
4549,1,0.990744
4550,0,0.715176
4551,1,0.971032
4552,0,0.057826
4553,1,0.977395
4554,0,0.001394
4555,0,0.007282
4556,0,0.005307
4557,0,0.007787
4558,0,0.020032
4559,1,0.942637
4560,0,0.001833
4561,1,0.99489
4562,0,0.002316
4563,1,0.179117
4564,1,0.995201
4565,0,0.002712
4566,0,0.05486
4567,1,0.989377
4568,0,0.00388
4569,1,0.488245
4570,1,0.270904
4571,0,0.597697
4572,1,0.916055
4573,0,0.005001
4574,0,0.009523
4575,1,0.9902
4576,1,0.858685
4577,1,0.994037
4578,0,0.003009
4579,1,0.947353
4580,0,0.002143
4581,0,0.001203
4582,0,0.006365
4583,0,0.102569
4584,1,0.99159
4585,1,0.443722
4586,1,0.764768
4587,1,0.9858
4588,1,0.871729
4589,0,0.00194
4590,0,0.006353
4591,0,0.001935
4592,0,0.004398
4593,0,0.02265
4594,0,0.244321
4595,1,0.764507
4596,0,0.009971
4597,0,0.069246
4598,0,0.021957
4599,0,0.009628
4600,0,0.00914
4601,0,0.899235
4602,1,0.965264
4603,0,0.20145
4604,1,0.724485
4605,0,0.00039
4606,1,0.849958
4607,0,0.047257
4608,1,0.993425
4609,0,0.005897
4610,0,0.001617
4611,0,0.001012
4612,0,0.001284
4613,1,0.990967
4614,0,0.008608
4615,0,0.92934
4616,0,0.00311
4617,1,0.89758
4618,1,0.516292
4619,0,0.003736
4620,1,0.939511
4621,0,0.588573
4622,1,0.989921
4623,0,0.046779
4624,1,0.970355
4625,1,0.931939
4626,1,0.986401
4627,0,0.004333
4628,0,0.01266
4629,0,0.004975
4630,0,0.006453
4631,1,0.946524
4632,0,0.019892
4633,0,0.039203
4634,1,0.992395
4635,1,0.87298
4636,0,0.002781
4637,0,0.015897
4638,0,0.001663
4639,0,0.032185
4640,1,0.560322
4641,0,0.020245
4642,0,0.024226
4643,1,0.892102
4644,1,0.978999
4645,0,0.048356
4646,0,0.018418
4647,0,0.002264
4648,1,0.911323
4649,0,0.01195
4650,0,0.002856
4651,0,0.084714
4652,1,0.786299
4653,0,0.001438
4654,0,0.131927
4655,0,0.004251
4656,0,0.00704
4657,1,0.746425
4658,0,0.003238
4659,1,0.736936
4660,1,0.369589
4661,0,0.000828
4662,1,0.622804
4663,1,0.947203
4664,0,0.195004
4665,0,0.008389
4666,1,0.991081
4667,1,0.828701
4668,0,0.120422
4669,1,0.972989
4670,1,0.059815
4671,0,0.002135
4672,1,0.993319
4673,1,0.980404
4674,0,0.002459
4675,0,0.0015
4676,0,0.016088
4677,1,0.754894
4678,0,0.005216
4679,1,0.983234
4680,0,0.011329
4681,1,0.97206
4682,0,0.001826
4683,1,0.85226
4684,0,0.001905
4685,0,0.05694
4686,0,0.003773
4687,0,0.001988
4688,1,0.975216
4689,0,0.013983
4690,0,0.943328
4691,1,0.94177
4692,1,0.990495
4693,0,0.63304
4694,1,0.950462
4695,0,0.025104
4696,0,0.002087
4697,0,0.009233
4698,0,0.003744
4699,0,0.01297
4700,1,0.685612
4701,0,0.000771
4702,0,0.006721
4703,1,0.082082
4704,0,0.018781
4705,0,0.004363
4706,1,0.988605
4707,0,0.009845
4708,1,0.803554
4709,0,0.110979
4710,1,0.966496
4711,0,0.109402
4712,0,0.003361
4713,0,0.006172
4714,1,0.131976
4715,0,0.095565
4716,0,0.011406
4717,0,0.001971
4718,1,0.99358
4719,0,0.598792
4720,1,0.664996
4721,1,0.985417
4722,1,0.511548
4723,0,0.013509
4724,1,0.976404
4725,1,0.992307
4726,1,0.845337
4727,0,0.823223
4728,0,0.007065
4729,1,0.954868
4730,0,0.002745
4731,0,0.002388
4732,1,0.947812
4733,0,0.005419
4734,0,0.072743
4735,0,0.001068
4736,1,0.979348
4737,0,0.008095
4738,0,0.036265
4739,1,0.36443
4740,1,0.99413
4741,0,0.115305
4742,0,0.618396
4743,1,0.9271
4744,0,0.000508
4745,0,0.005547
4746,0,0.021042
4747,0,0.337297
4748,0,0.051333
4749,1,0.990609
4750,0,0.004314
4751,1,0.654135
4752,0,0.020651
4753,1,0.200857
4754,0,0.003758
4755,0,0.002182
4756,1,0.995789
4757,0,0.079209
4758,0,0.00659
4759,0,0.003204
4760,0,0.002776
4761,0,0.010112
4762,1,0.887836
4763,0,0.01434
4764,0,0.000832
4765,1,0.973238
4766,0,0.001694
4767,0,0.001312
4768,1,0.976264
4769,1,0.99492
4770,0,0.018383
4771,0,0.001695
4772,0,0.017448
4773,0,0.009522
4774,0,0.004495
4775,1,0.373014
4776,0,0.078888
4777,0,0.002387
4778,0,0.012272
4779,1,0.98306
4780,1,0.900484
4781,0,0.000821
4782,1,0.773383
4783,0,0.018517
4784,1,0.874205
4785,0,0.004738
4786,1,0.978837
4787,0,0.003003
4788,0,0.001252
4789,1,0.992029
4790,0,0.210018
4791,0,0.016469
4792,0,0.001972
4793,1,0.973974
4794,1,0.960035
4795,1,0.982525
4796,0,0.001606
4797,0,0.005966
4798,1,0.943611
4799,1,0.772231
4800,0,0.001921
4801,1,0.99339
4802,1,0.99081
4803,0,0.00279
4804,0,0.065084
4805,0,0.033072
4806,0,0.021175
4807,1,0.987643
4808,0,0.062648
4809,0,0.011587
4810,0,0.000645
4811,0,0.002616
4812,0,0.010313
4813,0,0.022685
4814,1,0.991018
4815,0,0.988597
4816,0,0.000901
4817,0,0.014189
4818,1,0.995873
4819,1,0.983754
4820,0,0.002885
4821,1,0.965075
4822,0,0.022272
4823,0,0.001143
4824,0,0.000235
4825,1,0.985725
4826,0,0.037918
4827,1,0.976003
4828,1,0.985387
4829,1,0.973685
4830,1,0.993911
4831,0,0.955906
4832,0,0.008235
4833,0,0.005181
4834,1,0.993474
4835,1,0.982001
4836,0,0.75554
4837,0,0.152337
4838,0,0.041905
4839,1,0.646712
4840,0,0.008982
4841,0,0.099809
4842,1,0.875196
4843,1,0.945615
4844,0,0.010763
4845,0,0.007717
4846,1,0.980544
4847,1,0.919996
4848,0,0.018221
4849,0,0.000965
4850,1,0.968289
4851,1,0.937902
4852,1,0.985207
4853,0,0.023966
4854,0,0.003882
4855,0,0.003454
4856,0,0.001022
4857,0,0.001618
4858,0,0.056879
4859,0,0.666806
4860,0,0.004849
4861,0,0.002285
4862,0,0.059304
4863,0,0.05516
4864,0,0.013841
4865,0,0.01073
4866,1,0.997982
4867,1,0.966331
4868,0,0.002953
4869,0,0.987796
4870,0,0.003309
4871,1,0.988225
4872,1,0.985373
4873,1,0.867335
4874,0,0.002783
4875,1,0.970478
4876,0,0.01022
4877,0,0.006753
4878,0,0.001229
4879,0,0.020915
4880,0,0.018605
4881,0,0.50476
4882,0,0.021872
4883,0,0.015236
4884,0,0.033575
4885,0,0.533418
4886,0,0.837023
4887,0,0.002241
4888,1,0.788979
4889,0,0.022414
4890,0,0.041056
4891,0,0.005407
4892,1,0.844971
4893,0,0.007324
4894,1,0.953669
4895,1,0.961958
4896,1,0.9704
4897,1,0.991202
4898,0,0.01017
4899,1,0.956026
4900,0,0.001042
4901,1,0.795277
4902,0,0.546822
4903,1,0.972827
4904,0,0.019647
4905,1,0.958862
4906,1,0.981268
4907,0,0.009012
4908,1,0.993066
4909,0,0.297923
4910,1,0.989363
4911,1,0.957968
4912,0,0.046647
4913,1,0.996635
4914,0,0.491264
4915,1,0.913031
4916,1,0.825706
4917,0,0.006478
4918,0,0.000703
4919,1,0.932851
4920,1,0.893559
4921,0,0.009998
4922,1,0.840275
4923,1,0.934887
4924,0,0.003858
4925,1,0.991816
4926,0,0.002984
4927,0,0.00199
4928,0,0.021546
4929,1,0.986551
4930,0,0.003351
4931,0,0.060015
4932,0,0.003605
4933,0,0.005519
4934,1,0.973078
4935,0,0.006761
4936,0,0.003302
4937,0,0.01958
4938,0,0.072065
4939,0,0.004618
4940,1,0.995514
4941,0,0.015895
4942,0,0.026549
4943,0,0.011276
4944,0,0.016518
4945,0,0.00413
4946,1,0.964765
4947,1,0.994756
4948,0,0.00396
4949,0,0.010525
4950,1,0.936934
4951,0,0.0006
4952,0,0.064666
4953,0,0.760993
4954,0,0.002776
4955,1,0.987659
4956,1,0.994507
4957,1,0.971404
4958,0,0.000955
4959,0,0.003396
4960,0,0.002056
4961,1,0.995996
4962,0,0.019044
4963,1,0.995026
4964,0,0.841068
4965,1,0.996506
4966,1,0.989748
4967,0,0.007843
4968,0,0.000909
4969,0,0.00176
4970,0,0.000794
4971,0,0.011012
4972,0,0.017077
4973,0,0.101569
4974,1,0.991059
4975,0,0.012349
4976,1,0.954584
4977,0,0.007464
4978,0,0.002582
4979,0,0.003572
4980,1,0.974864
4981,0,0.003025
4982,0,0.017889
4983,1,0.907818
4984,0,0.007069
4985,1,0.929839
4986,0,0.019358
4987,0,0.003349
4988,0,0.01639
4989,0,0.002415
4990,1,0.92262
4991,0,0.006374
4992,0,0.003769
4993,1,0.989534
4994,1,0.037884
4995,1,0.993689
4996,0,0.000795
4997,0,0.001187
4998,0,0.85135
4999,0,0.088265
5000,0,0.001621
5001,0,0.007281
5002,1,0.934026
5003,1,0.988208
5004,0,0.001661
5005,0,0.001213
5006,1,0.99512
5007,1,0.990207
5008,1,0.902086
5009,0,0.004232
5010,1,0.31243
5011,1,0.99499
5012,1,0.508189
5013,0,0.838678
5014,0,0.032138
5015,0,0.112229
5016,0,0.017489
5017,1,0.465424
5018,0,0.00189
5019,1,0.928602
5020,1,0.989439
5021,0,0.003163
5022,1,0.94229
5023,1,0.944197
5024,1,0.895461
5025,1,0.509514
5026,1,0.97505
5027,0,0.535796
5028,0,0.009449
5029,0,0.030726
5030,0,0.003618
5031,0,0.002963
5032,0,0.61297
5033,1,0.989833
5034,0,0.016303
5035,0,0.12651
5036,0,0.011936
5037,1,0.987551
5038,1,0.994652
5039,0,0.009456
5040,0,0.003794
5041,0,0.008715
5042,1,0.826944
5043,0,0.010244
5044,0,0.012101
5045,0,0.019146
5046,0,0.003066
5047,0,0.015928
5048,0,0.481834
5049,0,0.00903
5050,0,0.002109
5051,1,0.915682
5052,0,0.001882
5053,0,0.003033
5054,0,0.022472
5055,0,0.003936
5056,1,0.87624
5057,0,0.007948
5058,0,0.002595
5059,1,0.940259
5060,1,0.988633
5061,1,0.915558
5062,1,0.793243
5063,1,0.984559
5064,0,0.004374
5065,1,0.986918
5066,0,0.013747
5067,1,0.990889
5068,0,0.003615
5069,0,0.010372
5070,0,0.036199
5071,1,0.991826
5072,1,0.923321
5073,0,0.020002
5074,1,0.981909
5075,0,0.003977
5076,0,0.007473
5077,1,0.61454
5078,0,0.034949
5079,1,0.966819
5080,0,0.001116
5081,1,0.934157
5082,1,0.947184
5083,0,0.584966
5084,0,0.005901
5085,1,0.935097
5086,0,0.009117
5087,0,0.000734
5088,1,0.996159
5089,0,0.077737
5090,0,0.021873
5091,1,0.251247
5092,0,0.582356
5093,0,0.010095
5094,0,0.758203
5095,0,0.04873
5096,1,0.611197
5097,0,0.646268
5098,0,0.010403
5099,0,0.032705
5100,0,0.025852
5101,1,0.98284
5102,0,0.003009
5103,1,0.964636
5104,1,0.99224
5105,0,0.051586
5106,0,0.117129
5107,0,0.03186
5108,1,0.993635
5109,1,0.932491
5110,1,0.987906
5111,1,0.637953
5112,0,0.112113
5113,0,0.024413
5114,0,0.008476
5115,1,0.870929
5116,0,0.003924
5117,0,0.003556
5118,0,0.002659
5119,0,0.005216
5120,0,0.001342
5121,0,0.010883
5122,0,0.019117
5123,0,0.062483
5124,1,0.697977
5125,0,0.06281
5126,0,0.023928
5127,0,0.02001
5128,0,0.128148
5129,0,0.36452
5130,1,0.890188
5131,1,0.983553
5132,0,0.010667
5133,0,0.00623
5134,0,0.00274
5135,0,0.007234
5136,0,0.46607
5137,0,0.020584
5138,0,0.061207
5139,0,0.089249
5140,1,0.99194
5141,1,0.981907
5142,0,0.019173
5143,0,0.626003
5144,1,0.62965
5145,1,0.99159
5146,0,0.012307
5147,1,0.808141
5148,0,0.027049
5149,1,0.987335
5150,0,0.006707
5151,0,0.01126
5152,0,0.006418
5153,0,0.00906
5154,1,0.91343
5155,1,0.974053
5156,0,0.002618
5157,0,0.01179
5158,0,0.009293
5159,0,0.001097
5160,1,0.975468
5161,0,0.00222
5162,1,0.972571
5163,0,0.997482
5164,1,0.965995
5165,0,0.001478
5166,1,0.866108
5167,0,0.008512
5168,0,0.000723
5169,0,0.001229
5170,0,0.005066
5171,0,0.006323
5172,0,0.003706
5173,0,0.043294
5174,1,0.994882
5175,0,0.00356
5176,0,0.041671
5177,0,0.040567
5178,1,0.969542
5179,0,0.004381
5180,1,0.823174
5181,1,0.986631
5182,0,0.666786
5183,0,0.011822
5184,0,0.002837
5185,0,0.006873
5186,1,0.985625
5187,0,0.234025
5188,1,0.99608
5189,1,0.980971
5190,0,0.002452
5191,0,0.010557
5192,0,0.03479
5193,0,0.000497
5194,0,0.109802
5195,0,0.0299
5196,0,0.004202
5197,0,0.007225
5198,0,0.003733
5199,0,0.068086
5200,1,0.71228
5201,0,0.014107
5202,0,0.002834
5203,0,0.011442
5204,0,0.925747
5205,0,0.003322
5206,0,0.038816
5207,1,0.739038
5208,0,0.005281
5209,1,0.99305
5210,0,0.076368
5211,0,0.24292
5212,0,0.008754
5213,0,0.000521
5214,0,0.308668
5215,0,0.012897
5216,1,0.896935
5217,0,0.002095
5218,0,0.004765
5219,1,0.270007
5220,1,0.853234
5221,0,0.217538
5222,0,0.013973
5223,0,0.561384
5224,1,0.844002
5225,0,0.114719
5226,0,0.011624
5227,1,0.965892
5228,0,0.11162
5229,0,0.028077
5230,1,0.978693
5231,1,0.844609
5232,1,0.969677
5233,0,0.017687
5234,0,0.072765
5235,0,0.004237
5236,0,0.002362
5237,0,0.003698
5238,0,0.005619
5239,1,0.86138
5240,0,0.009645
5241,1,0.93016
5242,0,0.004647
5243,0,0.005309
5244,0,0.006998
5245,1,0.167835
5246,0,0.003265
5247,1,0.980043
5248,0,0.004063
5249,0,0.007365
5250,1,0.979853
5251,1,0.991799
5252,0,0.009699
5253,1,0.962686
5254,0,0.06018
5255,0,0.135905
5256,0,0.00555
5257,1,0.994862
5258,0,0.040371
5259,0,0.000443
5260,0,0.001624
5261,1,0.953703
5262,0,0.003165
5263,0,0.090294
5264,0,0.049182
5265,0,0.00251
5266,0,0.006555
5267,0,0.013969
5268,0,0.012006
5269,1,0.986211
5270,0,0.302162
5271,0,0.005709
5272,1,0.997746
5273,0,0.640243
5274,0,0.023721
5275,0,0.00892
5276,0,0.007122
5277,0,0.003364
5278,1,0.57809
5279,0,0.0031
5280,1,0.968305
5281,1,0.988702
5282,0,0.002625
5283,0,0.068829
5284,0,0.087814
5285,0,0.117167
5286,1,0.909953
5287,1,0.99175
5288,0,0.051979
5289,0,0.001813
5290,0,0.008137
5291,1,0.818902
5292,0,0.052016
5293,0,0.001191
5294,1,0.91362
5295,1,0.950538
5296,1,0.856176
5297,0,0.026127
5298,0,0.001276
5299,1,0.776507
5300,0,0.005946
5301,1,0.741987
5302,0,0.015896
5303,0,0.01151
5304,0,0.008998
5305,1,0.985731
5306,0,0.009885
5307,1,0.974483
5308,0,0.226033
5309,1,0.346899
5310,0,0.004731
5311,0,0.008209
5312,0,0.013319
5313,0,0.012223
5314,1,0.988461
5315,0,0.004749
5316,0,0.022365
5317,1,0.869513
5318,0,0.003048
5319,1,0.961753
5320,0,0.000881
5321,0,0.002382
5322,0,0.002171
5323,0,0.00147
5324,0,0.238493
5325,0,0.006962
5326,1,0.983804
5327,0,0.001195
5328,0,0.03503
5329,0,0.085647
5330,0,0.109724
5331,0,0.018531
5332,0,0.002194
5333,0,0.012555
5334,0,0.005379
5335,0,0.002259
5336,0,0.309148
5337,0,0.285668
5338,0,0.007969
5339,1,0.90786
5340,1,0.987471
5341,1,0.242775
5342,1,0.989943
5343,1,0.972567
5344,1,0.060758
5345,1,0.894813
5346,1,0.969098
5347,0,0.008402
5348,0,0.0056
5349,1,0.993984
5350,1,0.997542
5351,0,0.002085
5352,0,0.007317
5353,0,0.848424
5354,0,0.000536
5355,0,0.970627
5356,0,0.063041
5357,0,0.003456
5358,1,0.987061
5359,0,0.002329
5360,0,0.00552
5361,1,0.615692
5362,1,0.9813
5363,0,0.00931
5364,0,0.007383
5365,1,0.997599
5366,1,0.751836
5367,1,0.638026
5368,1,0.992098
5369,0,0.001707
5370,0,0.001466
5371,0,0.022414
5372,1,0.871925
5373,1,0.992818
5374,0,0.027969
5375,1,0.978003
5376,0,0.172228
5377,0,0.001401
5378,0,0.844805
5379,0,0.053934
5380,1,0.775247
5381,0,0.045856
5382,0,0.017773
5383,0,0.01012
5384,0,0.000903
5385,0,0.011815
5386,0,0.00244
5387,0,0.001584
5388,0,0.056311
5389,0,0.95608
5390,1,0.829478
5391,0,0.005017
5392,0,0.008791
5393,0,0.011444
5394,0,0.001683
5395,0,0.01038
5396,0,0.015538
5397,0,0.060041
5398,1,0.828238
5399,0,0.005603
5400,0,0.008735
5401,0,0.11845
5402,1,0.901919
5403,1,0.074901
5404,1,0.984782
5405,1,0.936052
5406,1,0.995385
5407,1,0.209107
5408,1,0.964133
5409,0,0.008217
5410,1,0.963586
5411,1,0.909772
5412,1,0.831851
5413,0,0.033301
5414,0,0.002831
5415,0,0.003182
5416,0,0.005464
5417,0,0.006622
5418,1,0.984597
5419,0,0.916927
5420,0,0.660234
5421,0,0.002695
5422,1,0.981245
5423,0,0.014919
5424,0,0.002006
5425,0,0.632767
5426,0,0.008668
5427,0,0.740385
5428,0,0.002635
5429,0,0.002601
5430,0,0.006101
5431,0,0.007321
5432,0,0.007986
5433,0,0.004614
5434,1,0.928029
5435,0,0.811809
5436,0,0.050207
5437,0,0.005182
5438,0,0.015751
5439,1,0.979382
5440,1,0.967834
5441,0,0.005965
5442,0,0.001769
5443,1,0.435453
5444,0,0.955808
5445,0,0.008395
5446,1,0.885421
5447,0,0.105687
5448,1,0.985569
5449,0,0.863855
5450,1,0.962257
5451,0,0.003126
5452,0,0.00303
5453,1,0.804061
5454,0,0.001212
5455,0,0.008779
5456,0,0.002985
5457,0,0.004116
5458,0,0.00174
5459,0,0.00384
5460,1,0.987274
5461,0,0.499364
5462,0,0.03188
5463,1,0.993039
5464,1,0.819533
5465,0,0.00578
5466,0,0.002031
5467,0,0.039753
5468,1,0.915001
5469,0,0.192278
5470,0,0.396353
5471,1,0.974832
5472,0,0.005721
5473,0,0.003196
5474,1,0.99565
5475,0,0.002745
5476,1,0.97416
5477,1,0.957443
5478,0,0.844103
5479,1,0.963969
5480,0,0.556952
5481,0,0.003058
5482,0,0.015367
5483,1,0.987259
5484,0,0.011699
5485,1,0.354893
5486,1,0.982537
5487,1,0.61026
5488,0,0.122759
5489,1,0.982398
5490,1,0.984237
5491,0,0.02262
5492,0,0.000908
5493,0,0.002702
5494,0,0.001998
5495,0,0.002274
5496,0,0.005066
5497,0,0.001245
5498,0,0.132933
5499,1,0.872412
5500,1,0.943376
5501,0,0.013091
5502,1,0.987535
5503,0,0.002677
5504,0,0.002974
5505,1,0.929297
5506,1,0.970225
5507,0,0.859366
5508,0,0.182472
5509,0,0.002584
5510,0,0.036558
5511,1,0.990766
5512,0,0.044985
5513,0,0.003125
5514,0,0.002974
5515,1,0.899303
5516,1,0.992314
5517,1,0.983596
5518,0,0.001316
5519,1,0.018633
5520,1,0.996943
5521,1,0.782392
5522,0,0.004447
5523,1,0.855243
5524,1,0.989982
5525,0,0.030416
5526,0,0.001706
5527,0,0.011757
5528,1,0.937056
5529,0,0.004162
5530,1,0.982205
5531,0,0.00249
5532,0,0.110209
5533,1,0.995631
5534,0,0.002581
5535,0,0.523434
5536,0,0.012087
5537,1,0.690507
5538,0,0.00426
5539,1,0.992469
5540,1,0.995384
5541,0,0.000962
5542,0,0.914106
5543,0,0.975382
5544,1,0.997091
5545,0,0.015626
5546,0,0.316301
5547,0,0.5765
5548,1,0.679554
5549,0,0.003979
5550,1,0.993248
5551,1,0.972901
5552,0,0.001327
5553,1,0.93246
5554,0,0.009487
5555,0,0.524078
5556,0,0.002585
5557,0,0.027385
5558,0,0.019291
5559,1,0.937775
5560,1,0.250072
5561,0,0.001886
5562,0,0.009058
5563,0,0.012038
5564,1,0.972232
5565,0,0.009036
5566,0,0.422302
5567,1,0.023784
5568,1,0.981575
5569,1,0.96046
5570,0,0.001569
5571,1,0.991748
5572,0,0.002846
5573,0,0.014922
5574,1,0.935453
5575,0,0.00835
5576,0,0.722768
5577,0,0.00808
5578,0,0.009124
5579,0,0.000502
5580,0,0.010058
5581,1,0.795234
5582,1,0.90553
5583,1,0.947739
5584,0,0.005699
5585,1,0.996297
5586,0,0.004612
5587,1,0.97841
5588,0,0.006054
5589,0,0.002553
5590,0,0.018042
5591,0,0.000634
5592,0,0.00071
5593,0,0.003676
5594,0,0.000771
5595,1,0.987059
5596,1,0.992828
5597,0,0.026664
5598,0,0.005501
5599,0,0.025035
5600,1,0.98607
5601,1,0.993467
5602,0,0.001218
5603,0,0.004593
5604,1,0.384475
5605,0,0.042184
5606,0,0.009156
5607,1,0.993068
5608,0,0.018526
5609,1,0.98687
5610,0,0.003594
5611,0,0.004519
5612,1,0.86668
5613,0,0.781103
5614,1,0.973947
5615,0,0.000682
5616,1,0.658311
5617,0,0.022694
5618,1,0.965895
5619,0,0.004364
5620,0,0.958463
5621,0,0.897017
5622,0,0.038566
5623,0,0.012922
5624,1,0.989234
5625,0,0.218851
5626,0,0.968364
5627,0,0.304542
5628,0,0.007971
5629,0,0.001348
5630,0,0.08571
5631,0,0.002253
5632,0,0.769778
5633,1,0.991813
5634,0,0.473638
5635,1,0.955436
5636,0,0.004678
5637,0,0.054742
5638,0,0.003175
5639,0,0.005759
5640,1,0.682083
5641,1,0.916038
5642,0,0.010529
5643,0,0.012588
5644,0,0.656505
5645,1,0.991576
5646,1,0.878321
5647,1,0.988549
5648,1,0.84892
5649,1,0.74077
5650,1,0.958411
5651,0,0.035645
5652,0,0.003917
5653,1,0.848999
5654,1,0.933479
5655,1,0.249288
5656,0,0.037131
5657,0,0.915091
5658,0,0.02258
5659,1,0.998106
5660,1,0.708103
5661,1,0.983719
5662,1,0.991183
5663,1,0.851967
5664,1,0.922109
5665,1,0.976747
5666,0,0.001631
5667,1,0.987965
5668,0,0.364454
5669,0,0.001904
5670,1,0.962256
5671,0,0.004067
5672,0,0.012452
5673,1,0.996909
5674,1,0.956869
5675,0,0.015426
5676,1,0.963825
5677,0,0.008526
5678,0,0.002441
5679,0,0.175875
5680,0,0.003494
5681,1,0.981885
5682,1,0.994663
5683,1,0.903184
5684,1,0.96408
5685,0,0.993539
5686,0,0.311327
5687,0,0.003807
5688,0,0.003139
5689,1,0.924801
5690,0,0.008018
5691,0,0.004464
5692,1,0.478957
5693,1,0.99423
5694,0,0.020595
5695,0,0.006197
5696,0,0.013277
5697,0,0.003934
5698,0,0.002462
5699,1,0.989993
5700,1,0.261292
5701,0,0.218523
5702,0,0.037626
5703,0,0.081657
5704,1,0.992016
5705,1,0.972978
5706,0,0.003561
5707,0,0.019638
5708,0,0.902372
5709,0,0.002697
5710,0,0.00714
5711,0,0.238432
5712,0,0.00241
5713,1,0.975615
5714,0,0.009347
5715,0,0.013381
5716,1,0.953141
5717,0,0.005563
5718,1,0.875274
5719,0,0.001986
5720,1,0.609845
5721,0,0.003164
5722,1,0.904776
5723,1,0.981954
5724,1,0.928229
5725,0,0.005847
5726,0,0.002438
5727,0,0.148869
5728,0,0.00367
5729,0,0.459306
5730,0,0.00718
5731,0,0.022493
5732,1,0.948183
5733,0,0.001932
5734,0,0.008059
5735,0,0.01242
5736,1,0.996501
5737,1,0.969754
5738,1,0.997218
5739,1,0.961742
5740,1,0.998033
5741,1,0.837185
5742,0,0.196438
5743,0,0.003328
5744,1,0.974566
5745,1,0.985425
5746,1,0.994339
5747,0,0.004883
5748,0,0.069201
5749,1,0.965131
5750,0,0.0088
5751,0,0.003734
5752,1,0.863433
5753,0,0.026466
5754,1,0.966688
5755,0,0.27879
5756,1,0.966848
5757,1,0.98346
5758,1,0.988575
5759,0,0.010634
5760,0,0.002008
5761,1,0.961224
5762,0,0.000825
5763,0,0.002103
5764,0,0.003651
5765,0,0.02605
5766,1,0.957321
5767,0,0.006876
5768,1,0.996862
5769,0,0.004678
5770,0,0.047661
5771,0,0.005702
5772,1,0.963156
5773,1,0.987803
5774,0,0.020593
5775,0,0.003226
5776,0,0.001184
5777,0,0.007148
5778,0,0.841039
5779,1,0.586111
5780,1,0.995983
5781,1,0.981273
5782,0,0.006398
5783,1,0.938347
5784,0,0.001389
5785,1,0.96814
5786,1,0.947351
5787,0,0.002356
5788,0,0.002001
5789,0,0.003423
5790,1,0.985809
5791,1,0.985891
5792,1,0.941125
5793,0,0.314773
5794,0,0.002776
5795,0,0.002699
5796,1,0.967906
5797,1,0.954928
5798,0,0.010764
5799,0,0.014236
5800,0,0.003761
5801,0,0.256738
5802,0,0.352621
5803,0,0.003135
5804,1,0.993573
5805,1,0.73554
5806,0,0.435072
5807,1,0.868819
5808,0,0.005473
5809,1,0.95024
5810,1,0.955538
5811,0,0.012058
5812,1,0.993174
5813,0,0.001116
5814,0,0.248716
5815,0,0.001009
5816,0,0.020586
5817,0,0.127485
5818,0,0.013821
5819,0,0.128271
5820,1,0.972977
5821,1,0.900796
5822,0,0.000419
5823,1,0.889054
5824,0,0.614452
5825,1,0.891381
5826,1,0.540805
5827,1,0.982599
5828,1,0.990831
5829,1,0.608798
5830,0,0.014449
5831,0,0.015701
5832,1,0.733883
5833,0,0.002646
5834,0,0.032474
5835,1,0.989357
5836,0,0.038485
5837,1,0.997437
5838,0,0.001258
5839,0,0.001386
5840,0,0.077111
5841,1,0.991701
5842,0,0.028829
5843,1,0.996756
5844,0,0.001694
5845,0,0.003736
5846,0,0.65263
5847,1,0.991623
5848,1,0.950961
5849,1,0.99691
5850,0,0.007591
5851,0,0.021027
5852,0,0.962844
5853,0,0.009568
5854,1,0.996693
5855,1,0.992425
5856,0,0.008401
5857,0,0.002803
5858,0,0.00674
5859,0,0.003957
5860,0,0.018878
5861,0,0.005598
5862,1,0.947824
5863,0,0.016987
5864,0,0.001802
5865,1,0.978029
5866,0,0.866323
5867,0,0.272404
5868,0,0.004079
5869,0,0.00909
5870,1,0.993152
5871,0,0.015327
5872,0,0.11883
5873,0,0.458568
5874,1,0.946617
5875,0,0.004243
5876,1,0.933054
5877,0,0.044991
5878,1,0.9933
5879,0,0.422432
5880,0,0.03687
5881,0,0.84492
5882,0,0.001332
5883,0,0.002573
5884,1,0.989812
5885,1,0.992371
5886,0,0.383726
5887,0,0.963013
5888,0,0.003037
5889,0,0.001145
5890,0,0.110325
5891,1,0.950261
5892,0,0.481125
5893,0,0.011718
5894,0,0.009107
5895,0,0.055219
5896,1,0.900511
5897,0,0.008752
5898,0,0.492668
5899,1,0.98972
5900,1,0.510752
5901,0,0.004313
5902,1,0.001113
5903,0,0.014595
5904,0,0.007333
5905,0,0.051527
5906,1,0.988013
5907,0,0.056071
5908,0,0.024436
5909,0,0.002671
5910,1,0.960914
5911,1,0.983976
5912,0,0.001133
5913,0,0.002988
5914,0,0.448072
5915,0,0.001825
5916,1,0.662566
5917,1,0.372829
5918,1,0.991541
5919,1,0.9936
5920,0,0.029191
5921,1,0.896682
5922,1,0.977638
5923,0,0.005121
5924,1,0.987368
5925,1,0.990194
5926,0,0.013327
5927,1,0.997039
5928,0,0.242605
5929,0,0.008884
5930,1,0.98643
5931,0,0.004605
5932,0,0.003988
5933,1,0.982007
5934,0,0.976296
5935,0,0.004286
5936,0,0.002225
5937,1,0.754669
5938,0,0.002634
5939,0,0.000571
5940,0,0.000944
5941,0,0.94267
5942,0,0.00154
5943,0,0.007191
5944,0,0.000664
5945,1,0.994027
5946,0,0.007877
5947,1,0.912479
5948,1,0.834376
5949,0,0.003503
5950,0,0.016314
5951,0,0.967441
5952,0,0.010413
5953,0,0.137182
5954,1,0.81694
5955,0,0.02945
5956,0,0.000519
5957,1,0.913541
5958,0,0.004014
5959,0,0.001741
5960,1,0.835049
5961,0,0.1096
5962,0,0.974706
5963,0,0.003904
5964,0,0.028357
5965,0,0.005042
5966,1,0.968891
5967,0,0.007192
5968,0,0.194171
5969,0,0.003839
5970,1,0.98904
5971,1,0.971743
5972,0,0.003451
5973,0,0.017676
5974,1,0.995146
5975,0,0.004425
5976,1,0.98742
5977,1,0.990749
5978,1,0.986584
5979,1,0.980085
5980,1,0.949514
5981,0,0.006857
5982,0,0.085668
5983,1,0.94047
5984,1,0.87782
5985,0,0.001362
5986,1,0.40271
5987,0,0.005176
5988,0,0.087853
5989,1,0.979659
5990,1,0.985076
5991,1,0.897088
5992,0,0.006214
5993,1,0.9835
5994,0,0.004421
5995,0,0.001109
5996,0,0.003554
5997,1,0.926546
5998,0,0.170797
5999,0,0.007984
6000,0,0.001413
6001,0,0.005045
6002,1,0.963688
6003,1,0.960069
6004,0,0.005942
6005,0,0.001005
6006,1,0.996082
6007,1,0.996999
6008,0,0.00368
6009,0,0.01905
6010,0,0.020211
6011,1,0.995041
6012,1,0.933761
6013,0,0.172638
6014,1,0.928613
6015,1,0.987315
6016,0,0.001409
6017,1,0.984376
6018,1,0.985962
6019,1,0.983109
6020,0,0.002889
6021,0,0.00162
6022,0,0.56566
6023,0,0.043989
6024,0,0.004976
6025,0,0.013766
6026,0,0.064551
6027,0,0.003312
6028,0,0.001153
6029,0,0.005637
6030,1,0.984084
6031,0,0.00428
6032,0,0.002153
6033,1,0.953272
6034,0,0.307442
6035,0,0.002158
6036,0,0.001997
6037,1,0.510883
6038,1,0.995804
6039,0,0.007907
6040,0,0.018536
6041,0,0.009481
6042,0,0.002807
6043,0,0.027113
6044,1,0.891673
6045,0,0.004473
6046,0,0.011093
6047,1,0.984881
6048,0,0.815899
6049,0,0.001321
6050,0,0.00194
6051,0,0.647418
6052,0,0.006937
6053,0,0.008424
6054,0,0.018826
6055,0,0.066502
6056,1,0.992509
6057,0,0.910124
6058,0,0.002039
6059,1,0.937095
6060,0,0.001055
6061,0,0.001697
6062,0,0.067395
6063,0,0.914352
6064,0,0.001047
6065,1,0.77146
6066,1,0.997183
6067,1,0.992871
6068,1,0.982008
